---,SkillEffectTags,SkillHitEffectTags,Scale,AIUnitFX,AttackMontage,SkillMontages,AIController,BehaviorTree,Blackboard,BasicAttackSetup,SkillSetups,FactionTag,SkeletalMesh,FaceIcon,AnimBlueprint,HitMontage,DeathMontage
Balrog,"((TagName=""FX.Enemy.Boss.Balrog.Pattern1""),(TagName=""FX.Enemy.Boss.Balrog.Pattern2""))","((TagName=""FX.Enemy.Boss.Balrog.Pattern1Hit""),(TagName=""FX.Enemy.Boss.Balrog.Pattern2Hit""))","1.300000","(FXData=""/Game/Data/Assets/EnemyFXAssets/Boss/DA_EnemyFX_Boss_Balrog.DA_EnemyFX_Boss_Balrog"",BasicAttackTag=(TagName=""FX.Enemy.Boss.Balrog""),BasicAttackHitTag=(TagName=""FX.Enemy.Boss.Balrog.BasicAttackHit""),HitTag=(TagName=""FX.Enemy.Boss.Balrog.Hit""),DeathTag=(TagName=""FX.Enemy.Boss.Balrog.Death""))","/Game/Blueprints/Characters/Enemy/Balrog/AM_Balrog_BasicAttack.AM_Balrog_BasicAttack","(""/Game/Blueprints/Characters/Enemy/Balrog/AM_Balrog_Pattern1.AM_Balrog_Pattern1"",""/Game/Blueprints/Characters/Enemy/Balrog/AM_Balrog_Pattern2.AM_Balrog_Pattern2"")","/Script/Engine.BlueprintGeneratedClass'/Game/AI/AIController/Boss/BP_BossAIController.BP_BossAIController_C'","/Game/AI/BT/BT_Boss.BT_Boss","/Game/AI/BB/BB_Boss.BB_Boss","(AbilityClass=""/Script/Engine.BlueprintGeneratedClass'/Game/GAS/Abilities/GA_AreaBasicAttack.GA_AreaBasicAttack_C'"",EffectClass=""/Script/Engine.BlueprintGeneratedClass'/Game/GAS/Effects/GE_Damage_BasicAttack.GE_Damage_BasicAttack_C'"",ProjectileClass=None)","((AbilityClass=""/Script/Engine.BlueprintGeneratedClass'/Game/GAS/Abilities/GA_BossProjectilePattern1.GA_BossProjectilePattern1_C'"",EffectClass=""/Script/Engine.BlueprintGeneratedClass'/Game/GAS/Effects/GE_Damage_Skill.GE_Damage_Skill_C'"",ProjectileClass=""/Script/Engine.BlueprintGeneratedClass'/Game/Blueprints/Object/Projectile/BP_Bullet.BP_Bullet_C'""),(AbilityClass=""/Script/Engine.BlueprintGeneratedClass'/Game/GAS/Abilities/GA_BossProjectilePattern2.GA_BossProjectilePattern2_C'"",EffectClass=""/Script/Engine.BlueprintGeneratedClass'/Game/GAS/Effects/GE_Damage_Skill.GE_Damage_Skill_C'"",ProjectileClass=""/Script/Engine.BlueprintGeneratedClass'/Game/Blueprints/Object/Projectile/BP_Bullet.BP_Bullet_C'""))","(TagName=""Unit.Faction.Enemy"")","/Game/External_Assets/Monster/Balrog/SKM_Balrog.SKM_Balrog","/Game/External_Assets/UI/Character/Icon_Monster/Icon_Balrog_A.Icon_Balrog_A","/Script/Engine.AnimBlueprintGeneratedClass'/Game/Blueprints/Characters/Enemy/Balrog/ABP_Balrog.ABP_Balrog_C'","/Game/Blueprints/Characters/Enemy/Balrog/AM_Balrog_Damaged.AM_Balrog_Damaged","/Game/Blueprints/Characters/Enemy/Balrog/AM_Balrog_Dead.AM_Balrog_Dead"
Bearking,"((TagName=""FX.Enemy.Boss.Balrog.Pattern1""),(TagName=""FX.Enemy.Boss.Balrog.Pattern2""))","((TagName=""FX.Enemy.Boss.Balrog.Pattern1Hit""),(TagName=""FX.Enemy.Boss.Balrog.Pattern2Hit""))","0.800000","(FXData=""/Game/Data/Assets/EnemyFXAssets/Boss/DA_EnemyFX_Boss_Bearking.DA_EnemyFX_Boss_Bearking"",BasicAttackTag=(TagName=""FX.Enemy.Boss.Bearking""),BasicAttackHitTag=(TagName=""FX.Enemy.Boss.Bearking.BasicAttackHit""),HitTag=(TagName=""FX.Enemy.Boss.Bearking.Hit""),DeathTag=(TagName=""FX.Enemy.Boss.Bearking.Death""))","/Game/Blueprints/Characters/Enemy/Bearking/AM_Bearking_BasicAttack.AM_Bearking_BasicAttack","(""/Game/Blueprints/Characters/Enemy/Bearking/AM_Bearking_Pattern1.AM_Bearking_Pattern1"",""/Game/Blueprints/Characters/Enemy/Bearking/AM_Bearking_Pattern2.AM_Bearking_Pattern2"")","/Script/Engine.BlueprintGeneratedClass'/Game/AI/AIController/Boss/BP_BossAIController.BP_BossAIController_C'","/Game/AI/BT/BT_Boss.BT_Boss","/Game/AI/BB/BB_Boss.BB_Boss","(AbilityClass=""/Script/Engine.BlueprintGeneratedClass'/Game/GAS/Abilities/GA_AreaBasicAttack.GA_AreaBasicAttack_C'"",EffectClass=""/Script/Engine.BlueprintGeneratedClass'/Game/GAS/Effects/GE_Damage_BasicAttack.GE_Damage_BasicAttack_C'"",ProjectileClass=None)","((AbilityClass=""/Script/Engine.BlueprintGeneratedClass'/Game/GAS/Abilities/GA_BossAreaPattern1.GA_BossAreaPattern1_C'"",EffectClass=""/Script/Engine.BlueprintGeneratedClass'/Game/GAS/Effects/GE_Damage_Skill.GE_Damage_Skill_C'"",ProjectileClass=None),(AbilityClass=""/Script/Engine.BlueprintGeneratedClass'/Game/GAS/Abilities/GA_BossAreaPattern2.GA_BossAreaPattern2_C'"",EffectClass=""/Script/Engine.BlueprintGeneratedClass'/Game/GAS/Effects/GE_Damage_Skill.GE_Damage_Skill_C'"",ProjectileClass=None))","(TagName=""Unit.Faction.Enemy"")","/Game/External_Assets/Monster/Bearking/SKM_BearKing_A.SKM_BearKing_A","/Game/External_Assets/UI/Character/Icon_Monster/Icon_BearKing.Icon_BearKing","/Script/Engine.AnimBlueprintGeneratedClass'/Game/Blueprints/Characters/Enemy/Bearking/ABP_Bearking.ABP_Bearking_C'","/Game/Blueprints/Characters/Enemy/Bearking/AM_Bearking_Damaged.AM_Bearking_Damaged","/Game/Blueprints/Characters/Enemy/Bearking/AM_Bearking_Dead.AM_Bearking_Dead"
BronzeGear,"","","0.800000","(FXData=""/Game/Data/Assets/EnemyFXAssets/Common/DA_EnemyFX_Common_BronzeGear.DA_EnemyFX_Common_BronzeGear"",BasicAttackTag=(TagName=""FX.Enemy.Common.BronzeGear""),BasicAttackHitTag=(TagName=""FX.Enemy.Common.BronzeGear.BasicAttackHit""),HitTag=(TagName=""FX.Enemy.Common.BronzeGear.Hit""),DeathTag=(TagName=""FX.Enemy.Common.BronzeGear.Death""))","/Game/Blueprints/Characters/Enemy/BronzeGear/AM_BronzeGear_BasicAttack.AM_BronzeGear_BasicAttack","","/Script/Engine.BlueprintGeneratedClass'/Game/Test/KMJ/AI/BP_MyAIController.BP_MyAIController_C'","/Game/Test/KMJ/AI/BT_Monster.BT_Monster","/Game/Test/KMJ/AI/BB_Monster.BB_Monster","(AbilityClass=""/Script/Engine.BlueprintGeneratedClass'/Game/GAS/Abilities/GA_AreaBasicAttack.GA_AreaBasicAttack_C'"",EffectClass=""/Script/Engine.BlueprintGeneratedClass'/Game/GAS/Effects/GE_Damage_BasicAttack.GE_Damage_BasicAttack_C'"",ProjectileClass=None)","","(TagName=""Unit.Faction.Enemy"")","/Game/External_Assets/Monster/BronzeGear/SKM_BronzeGear.SKM_BronzeGear","/Game/External_Assets/UI/Character/Icon_Monster/Icon_BronzeGear.Icon_BronzeGear","/Script/Engine.AnimBlueprintGeneratedClass'/Game/Blueprints/Characters/Enemy/BronzeGear/ABP_BronzeGear.ABP_BronzeGear_C'","/Game/Blueprints/Characters/Enemy/BronzeGear/AM_BronzeGear_Damaged.AM_BronzeGear_Damaged","/Game/Blueprints/Characters/Enemy/BronzeGear/AM_BronzeGear_Dead.AM_BronzeGear_Dead"
Cell,"","","1.000000","(FXData=""/Game/Data/Assets/EnemyFXAssets/Common/DA_EnemyFX_Common_Cell.DA_EnemyFX_Common_Cell"",BasicAttackTag=(TagName=""FX.Enemy.Common.Cell""),BasicAttackHitTag=(TagName=""FX.Enemy.Common.Cell.BasicAttackHit""),HitTag=(TagName=""FX.Enemy.Common.Cell.Hit""),DeathTag=(TagName=""FX.Enemy.Common.Cell.Death""))","/Game/Blueprints/Characters/Enemy/Cell/AM_Cell_BasicAttack.AM_Cell_BasicAttack","","/Script/Engine.BlueprintGeneratedClass'/Game/Test/KMJ/AI/BP_MyAIController.BP_MyAIController_C'","/Game/Test/KMJ/AI/BT_Monster.BT_Monster","/Game/Test/KMJ/AI/BB_Monster.BB_Monster","(AbilityClass=""/Script/Engine.BlueprintGeneratedClass'/Game/GAS/Abilities/GA_AreaBasicAttack.GA_AreaBasicAttack_C'"",EffectClass=""/Script/Engine.BlueprintGeneratedClass'/Game/GAS/Effects/GE_Damage_BasicAttack.GE_Damage_BasicAttack_C'"",ProjectileClass=None)","","(TagName=""Unit.Faction.Enemy"")","/Game/External_Assets/Monster/Cell/SKM_Cell.SKM_Cell","/Game/External_Assets/UI/Character/Icon_Monster/Icon_Boss_Cell.Icon_Boss_Cell","/Script/Engine.AnimBlueprintGeneratedClass'/Game/Blueprints/Characters/Enemy/Cell/ABP_Cell.ABP_Cell_C'","/Game/Blueprints/Characters/Enemy/Cell/AM_Cell_Damaged.AM_Cell_Damaged","/Game/Blueprints/Characters/Enemy/Cell/AM_Cell_Dead.AM_Cell_Dead"
Cursedmass,"","","1.500000","(FXData=""/Game/Data/Assets/EnemyFXAssets/Common/DA_EnemyFX_Common_Cursedmass.DA_EnemyFX_Common_Cursedmass"",BasicAttackTag=(TagName=""FX.Enemy.Common.Cursedmass""),BasicAttackHitTag=(TagName=""FX.Enemy.Common.Cursedmass.BasicAttackHit""),HitTag=(TagName=""FX.Enemy.Common.Cursedmass.Hit""),DeathTag=(TagName=""FX.Enemy.Common.Cursedmass.Death""))","/Game/Blueprints/Characters/Enemy/Cursedmass/AM_Cursedmass_BasicAttack.AM_Cursedmass_BasicAttack","","/Script/Engine.BlueprintGeneratedClass'/Game/Test/KMJ/AI/BP_MyAIController.BP_MyAIController_C'","/Game/Test/KMJ/AI/BT_Monster.BT_Monster","/Game/Test/KMJ/AI/BB_Monster.BB_Monster","(AbilityClass=""/Script/Engine.BlueprintGeneratedClass'/Game/GAS/Abilities/GA_AreaBasicAttack.GA_AreaBasicAttack_C'"",EffectClass=""/Script/Engine.BlueprintGeneratedClass'/Game/GAS/Effects/GE_Damage_BasicAttack.GE_Damage_BasicAttack_C'"",ProjectileClass=None)","","(TagName=""Unit.Faction.Enemy"")","/Game/External_Assets/Monster/Cursedmass/SKM_Cursedmass.SKM_Cursedmass","/Game/External_Assets/Monster/Cursedmass/Material/T_Cursedmas_A_Ball.T_Cursedmas_A_Ball","/Script/Engine.AnimBlueprintGeneratedClass'/Game/Blueprints/Characters/Enemy/Cursedmass/ABP_Cursedmass.ABP_Cursedmass_C'","/Game/Blueprints/Characters/Enemy/Cursedmass/AM_Cursedmass_Damaged.AM_Cursedmass_Damaged","/Game/Blueprints/Characters/Enemy/Cursedmass/AM_Cursedmass_Dead.AM_Cursedmass_Dead"
DanceMakane,"","","1.800000","(FXData=""/Game/Data/Assets/EnemyFXAssets/Common/DA_EnemyFX_Common_DanceMakane.DA_EnemyFX_Common_DanceMakane"",BasicAttackTag=(TagName=""FX.Enemy.Common.DanceMakane""),BasicAttackHitTag=(TagName=""FX.Enemy.Common.DanceMakane.BasicAttackHit""),HitTag=(TagName=""FX.Enemy.Common.DanceMakane.Hit""),DeathTag=(TagName=""FX.Enemy.Common.DanceMakane.Death""))","/Game/Blueprints/Characters/Enemy/DanceMakane/AM_DanceMakane_BasicAttack.AM_DanceMakane_BasicAttack","","/Script/Engine.BlueprintGeneratedClass'/Game/Test/KMJ/AI/BP_MyAIController.BP_MyAIController_C'","/Game/Test/KMJ/AI/BT_Monster.BT_Monster","/Game/Test/KMJ/AI/BB_Monster.BB_Monster","(AbilityClass=""/Script/Engine.BlueprintGeneratedClass'/Game/GAS/Abilities/GA_AreaBasicAttack.GA_AreaBasicAttack_C'"",EffectClass=""/Script/Engine.BlueprintGeneratedClass'/Game/GAS/Effects/GE_Damage_BasicAttack.GE_Damage_BasicAttack_C'"",ProjectileClass=None)","","(TagName=""Unit.Faction.Enemy"")","/Game/External_Assets/Monster/DanceMakane/SKM_DanceMakane.SKM_DanceMakane","/Game/External_Assets/Monster/DanceMakane/Material/T_DanceMakane_Type_A.T_DanceMakane_Type_A","/Script/Engine.AnimBlueprintGeneratedClass'/Game/Blueprints/Characters/Enemy/DanceMakane/ABP_DanceMakane.ABP_DanceMakane_C'","/Game/Blueprints/Characters/Enemy/DanceMakane/AM_DanceMakane_Damaged.AM_DanceMakane_Damaged","/Game/Blueprints/Characters/Enemy/DanceMakane/AM_DanceMakane_Dead.AM_DanceMakane_Dead"
Deatheye,"","","1.000000","(FXData=""/Game/Data/Assets/EnemyFXAssets/Common/DA_EnemyFX_Common_Deatheye.DA_EnemyFX_Common_Deatheye"",BasicAttackTag=(TagName=""FX.Enemy.Common.Deatheye""),BasicAttackHitTag=(TagName=""FX.Enemy.Common.Deatheye.BasicAttackHit""),HitTag=(TagName=""FX.Enemy.Common.Deatheye.Hit""),DeathTag=(TagName=""FX.Enemy.Common.Deatheye.Death""))","/Game/Blueprints/Characters/Enemy/Deatheye/AM_Deatheye_BasicAttack.AM_Deatheye_BasicAttack","","/Script/Engine.BlueprintGeneratedClass'/Game/Test/KMJ/AI/BP_MyAIController.BP_MyAIController_C'","/Game/Test/KMJ/AI/BT_Monster.BT_Monster","/Game/Test/KMJ/AI/BB_Monster.BB_Monster","(AbilityClass=""/Script/Engine.BlueprintGeneratedClass'/Game/GAS/Abilities/GA_ProjectileBasicAttack.GA_ProjectileBasicAttack_C'"",EffectClass=""/Script/Engine.BlueprintGeneratedClass'/Game/GAS/Effects/GE_Damage_BasicAttack.GE_Damage_BasicAttack_C'"",ProjectileClass=None)","","(TagName=""Unit.Faction.Enemy"")","/Game/External_Assets/Monster/Deatheye/SKM_Deatheye.SKM_Deatheye","/Game/External_Assets/UI/Character/Icon_Monster/Icon_DeathEye.Icon_DeathEye","/Script/Engine.AnimBlueprintGeneratedClass'/Game/Blueprints/Characters/Enemy/Deatheye/ABP_Deatheye.ABP_Deatheye_C'","/Game/Blueprints/Characters/Enemy/Deatheye/AM_Deatheye_Damaged.AM_Deatheye_Damaged","/Game/Blueprints/Characters/Enemy/Deatheye/AM_Deatheye_Dead.AM_Deatheye_Dead"
DieS,"","","0.800000","(FXData=""/Game/Data/Assets/EnemyFXAssets/Common/DA_EnemyFX_Common_DieS.DA_EnemyFX_Common_DieS"",BasicAttackTag=(TagName=""FX.Enemy.Common.DieS""),BasicAttackHitTag=(TagName=""FX.Enemy.Common.DieS.BasicAttackHit""),HitTag=(TagName=""FX.Enemy.Common.DieS.Hit""),DeathTag=(TagName=""FX.Enemy.Common.DieS.Death""))","/Game/Blueprints/Characters/Enemy/Dies/AM_DieS_BasicAttack.AM_DieS_BasicAttack","","/Script/Engine.BlueprintGeneratedClass'/Game/Test/KMJ/AI/BP_MyAIController.BP_MyAIController_C'","/Game/Test/KMJ/AI/BT_Monster.BT_Monster","/Game/Test/KMJ/AI/BB_Monster.BB_Monster","(AbilityClass=""/Script/Engine.BlueprintGeneratedClass'/Game/GAS/Abilities/GA_AreaBasicAttack.GA_AreaBasicAttack_C'"",EffectClass=""/Script/Engine.BlueprintGeneratedClass'/Game/GAS/Effects/GE_Damage_BasicAttack.GE_Damage_BasicAttack_C'"",ProjectileClass=None)","","(TagName=""Unit.Faction.Enemy"")","/Game/External_Assets/Monster/DieS/SKM_DieS.SKM_DieS","/Game/External_Assets/UI/Character/Icon_Monster/Icon_DieS.Icon_DieS","/Script/Engine.AnimBlueprintGeneratedClass'/Game/Blueprints/Characters/Enemy/Dies/ABP_Dies.ABP_Dies_C'","/Game/Blueprints/Characters/Enemy/Dies/AM_DieS_Damaged.AM_DieS_Damaged","/Game/Blueprints/Characters/Enemy/Dies/AM_DieS_Dead.AM_DieS_Dead"
DoctorMacaron,"","","0.300000","(FXData=""/Game/Data/Assets/EnemyFXAssets/Common/DA_EnemyFX_Common_DoctorMacaron.DA_EnemyFX_Common_DoctorMacaron"",BasicAttackTag=(TagName=""FX.Enemy.Common.DoctorMacaron""),BasicAttackHitTag=(TagName=""FX.Enemy.Common.DoctorMacaron.BasicAttackHit""),HitTag=(TagName=""FX.Enemy.Common.DoctorMacaron.Hit""),DeathTag=(TagName=""FX.Enemy.Common.DoctorMacaron.Death""))","/Game/Blueprints/Characters/Enemy/DoctorMacaron/AM_DoctorMacaron_BasicAttack.AM_DoctorMacaron_BasicAttack","","/Script/Engine.BlueprintGeneratedClass'/Game/Test/KMJ/AI/BP_MyAIController.BP_MyAIController_C'","/Game/Test/KMJ/AI/BT_Monster.BT_Monster","/Game/Test/KMJ/AI/BB_Monster.BB_Monster","(AbilityClass=""/Script/Engine.BlueprintGeneratedClass'/Game/GAS/Abilities/GA_ProjectileBasicAttack.GA_ProjectileBasicAttack_C'"",EffectClass=""/Script/Engine.BlueprintGeneratedClass'/Game/GAS/Effects/GE_Damage_BasicAttack.GE_Damage_BasicAttack_C'"",ProjectileClass=None)","","(TagName=""Unit.Faction.Enemy"")","/Game/External_Assets/Monster/DoctorMacaron/SKM_DoctorMacaron.SKM_DoctorMacaron","/Game/External_Assets/UI/Character/Icon_Monster/Icon_DoctorMacaron.Icon_DoctorMacaron","/Script/Engine.AnimBlueprintGeneratedClass'/Game/Blueprints/Characters/Enemy/DoctorMacaron/ABP_DoctorMacaron.ABP_DoctorMacaron_C'","/Game/Blueprints/Characters/Enemy/DoctorMacaron/AM_DoctorMacaron_Damaged.AM_DoctorMacaron_Damaged","/Game/Blueprints/Characters/Enemy/DoctorMacaron/AM_DoctorMacaron_Dead.AM_DoctorMacaron_Dead"
Famine,"","","1.200000","(FXData=""/Game/Data/Assets/EnemyFXAssets/Common/DA_EnemyFX_Common_Famine.DA_EnemyFX_Common_Famine"",BasicAttackTag=(TagName=""FX.Enemy.Common.Famine""),BasicAttackHitTag=(TagName=""FX.Enemy.Common.Famine.BasicAttackHit""),HitTag=(TagName=""FX.Enemy.Common.Famine.Hit""),DeathTag=(TagName=""FX.Enemy.Common.Famine.Death""))","/Game/Blueprints/Characters/Enemy/Famine/AM_Famine_BasicAttack.AM_Famine_BasicAttack","","/Script/Engine.BlueprintGeneratedClass'/Game/Test/KMJ/AI/BP_MyAIController.BP_MyAIController_C'","/Game/Test/KMJ/AI/BT_Monster.BT_Monster","/Game/Test/KMJ/AI/BB_Monster.BB_Monster","(AbilityClass=""/Script/Engine.BlueprintGeneratedClass'/Game/GAS/Abilities/GA_AreaBasicAttack.GA_AreaBasicAttack_C'"",EffectClass=""/Script/Engine.BlueprintGeneratedClass'/Game/GAS/Effects/GE_Damage_BasicAttack.GE_Damage_BasicAttack_C'"",ProjectileClass=None)","","(TagName=""Unit.Faction.Enemy"")","/Game/External_Assets/Monster/Famine/SKM_Famine.SKM_Famine","/Game/External_Assets/UI/Character/Icon_Monster/Icon_Famine.Icon_Famine","/Script/Engine.AnimBlueprintGeneratedClass'/Game/Blueprints/Characters/Enemy/Famine/ABP_Famine.ABP_Famine_C'","/Game/Blueprints/Characters/Enemy/Famine/AM_Famine_Damaged.AM_Famine_Damaged","/Game/Blueprints/Characters/Enemy/Famine/AM_Famine_Dead.AM_Famine_Dead"
FelicisMachine,"","","1.000000","(FXData=""/Game/Data/Assets/EnemyFXAssets/Common/DA_EnemyFX_Common_FelicisMachine.DA_EnemyFX_Common_FelicisMachine"",BasicAttackTag=(TagName=""FX.Enemy.Common.FelicisMachine""),BasicAttackHitTag=(TagName=""FX.Enemy.Common.FelicisMachine.BasicAttackHit""),HitTag=(TagName=""FX.Enemy.Common.FelicisMachine.Hit""),DeathTag=(TagName=""FX.Enemy.Common.FelicisMachine.Death""))","/Game/Blueprints/Characters/Enemy/FelicisMachine/AM_FelicisMachine_BasicAttack.AM_FelicisMachine_BasicAttack","","/Script/Engine.BlueprintGeneratedClass'/Game/Test/KMJ/AI/BP_MyAIController.BP_MyAIController_C'","/Game/Test/KMJ/AI/BT_Monster.BT_Monster","/Game/Test/KMJ/AI/BB_Monster.BB_Monster","(AbilityClass=""/Script/Engine.BlueprintGeneratedClass'/Game/GAS/Abilities/GA_ProjectileBasicAttack.GA_ProjectileBasicAttack_C'"",EffectClass=""/Script/Engine.BlueprintGeneratedClass'/Game/GAS/Effects/GE_Damage_BasicAttack.GE_Damage_BasicAttack_C'"",ProjectileClass=None)","","(TagName=""Unit.Faction.Enemy"")","/Game/External_Assets/Monster/FelicisMachine/SKM_FelicisMachine.SKM_FelicisMachine","/Game/External_Assets/UI/Character/Icon_Monster/Icon_FelicisMachine.Icon_FelicisMachine","/Script/Engine.AnimBlueprintGeneratedClass'/Game/Blueprints/Characters/Enemy/FelicisMachine/ABP_FelicisMachine.ABP_FelicisMachine_C'","/Game/Blueprints/Characters/Enemy/FelicisMachine/AM_FelicisMachine_Damaged.AM_FelicisMachine_Damaged","/Game/Blueprints/Characters/Enemy/FelicisMachine/AM_FelicisMachine_Dead.AM_FelicisMachine_Dead"
FelicisShinobi,"","","0.500000","(FXData=""/Game/Data/Assets/EnemyFXAssets/Common/DA_EnemyFX_Common_FelicisShinobi.DA_EnemyFX_Common_FelicisShinobi"",BasicAttackTag=(TagName=""FX.Enemy.Common.FelicisShinobi""),BasicAttackHitTag=(TagName=""FX.Enemy.Common.FelicisShinobi.BasicAttackHit""),HitTag=(TagName=""FX.Enemy.Common.FelicisShinobi.Hit""),DeathTag=(TagName=""FX.Enemy.Common.FelicisShinobi.Death""))","/Game/Blueprints/Characters/Enemy/FelicisShinobi/AM_FelicisShinobi_BasicAttack.AM_FelicisShinobi_BasicAttack","","/Script/Engine.BlueprintGeneratedClass'/Game/Test/KMJ/AI/BP_MyAIController.BP_MyAIController_C'","/Game/Test/KMJ/AI/BT_Monster.BT_Monster","/Game/Test/KMJ/AI/BB_Monster.BB_Monster","(AbilityClass=""/Script/Engine.BlueprintGeneratedClass'/Game/GAS/Abilities/GA_AreaBasicAttack.GA_AreaBasicAttack_C'"",EffectClass=""/Script/Engine.BlueprintGeneratedClass'/Game/GAS/Effects/GE_Damage_BasicAttack.GE_Damage_BasicAttack_C'"",ProjectileClass=None)","","(TagName=""Unit.Faction.Enemy"")","/Game/External_Assets/Monster/FelicisShinobi/SKM_FelicisShinobi.SKM_FelicisShinobi","/Game/External_Assets/UI/Character/Icon_Monster/Icon_FelicisShinobi.Icon_FelicisShinobi","/Script/Engine.AnimBlueprintGeneratedClass'/Game/Blueprints/Characters/Enemy/FelicisShinobi/ABP_FelicisShinobi.ABP_FelicisShinobi_C'","/Game/Blueprints/Characters/Enemy/FelicisShinobi/AM_FelicisShinobi_Damaged.AM_FelicisShinobi_Damaged","/Game/Blueprints/Characters/Enemy/FelicisShinobi/AM_FelicisShinobi_Dead.AM_FelicisShinobi_Dead"
Fiti,"","","0.400000","(FXData=""/Game/Data/Assets/EnemyFXAssets/Common/DA_EnemyFX_Common_Fiti.DA_EnemyFX_Common_Fiti"",BasicAttackTag=(TagName=""FX.Enemy.Common.Fiti""),BasicAttackHitTag=(TagName=""FX.Enemy.Common.Fiti.BasicAttackHit""),HitTag=(TagName=""FX.Enemy.Common.Fiti.Hit""),DeathTag=(TagName=""FX.Enemy.Common.Fiti.Death""))","/Game/Blueprints/Characters/Enemy/Fiti/AM_Fiti_BasicAttack.AM_Fiti_BasicAttack","","/Script/Engine.BlueprintGeneratedClass'/Game/Test/KMJ/AI/BP_MyAIController.BP_MyAIController_C'","/Game/Test/KMJ/AI/BT_Monster.BT_Monster","/Game/Test/KMJ/AI/BB_Monster.BB_Monster","(AbilityClass=""/Script/Engine.BlueprintGeneratedClass'/Game/GAS/Abilities/GA_AreaBasicAttack.GA_AreaBasicAttack_C'"",EffectClass=""/Script/Engine.BlueprintGeneratedClass'/Game/GAS/Effects/GE_Damage_BasicAttack.GE_Damage_BasicAttack_C'"",ProjectileClass=None)","","(TagName=""Unit.Faction.Enemy"")","/Game/External_Assets/Monster/Fiti/SKM_Fiti.SKM_Fiti","/Game/External_Assets/UI/Character/Icon_Monster/Icon_GrafFiti.Icon_GrafFiti","/Script/Engine.AnimBlueprintGeneratedClass'/Game/Blueprints/Characters/Enemy/Fiti/ABP_Fiti.ABP_Fiti_C'","/Game/Blueprints/Characters/Enemy/Fiti/AM_Fiti_Damaged.AM_Fiti_Damaged","/Game/Blueprints/Characters/Enemy/Fiti/AM_Fiti_Dead.AM_Fiti_Dead"
GeminiScythe,"","","1.300000","(FXData=""/Game/Data/Assets/EnemyFXAssets/Common/DA_EnemyFX_Common_GeminiScythe.DA_EnemyFX_Common_GeminiScythe"",BasicAttackTag=(TagName=""FX.Enemy.Common.GeminiScythe.BasicAttack""),BasicAttackHitTag=(TagName=""FX.Enemy.Common.GeminiScythe.BasicAttackHit""),HitTag=(TagName=""FX.Enemy.Common.GeminiScythe.Hit""),DeathTag=(TagName=""FX.Enemy.Common.GeminiScythe.Death""))","/Game/Blueprints/Characters/Enemy/Gemini_Scythe/AM_Gemini_Scythe_BasicAttack.AM_Gemini_Scythe_BasicAttack","","/Script/Engine.BlueprintGeneratedClass'/Game/Test/KMJ/AI/BP_MyAIController.BP_MyAIController_C'","/Game/Test/KMJ/AI/BT_Monster.BT_Monster","/Game/Test/KMJ/AI/BB_Monster.BB_Monster","(AbilityClass=""/Script/Engine.BlueprintGeneratedClass'/Game/GAS/Abilities/GA_AreaBasicAttack.GA_AreaBasicAttack_C'"",EffectClass=""/Script/Engine.BlueprintGeneratedClass'/Game/GAS/Effects/GE_Damage_BasicAttack.GE_Damage_BasicAttack_C'"",ProjectileClass=None)","","(TagName=""Unit.Faction.Enemy"")","/Game/External_Assets/Monster/Gemini_Scythe/SKM_Gemini_Scythe.SKM_Gemini_Scythe","/Game/External_Assets/UI/Character/Icon_Monster/Icon_Gemini_Scythe.Icon_Gemini_Scythe","/Script/Engine.AnimBlueprintGeneratedClass'/Game/Blueprints/Characters/Enemy/Gemini_Scythe/ABP_Gemini_Scythe.ABP_Gemini_Scythe_C'","/Game/Blueprints/Characters/Enemy/Gemini_Scythe/AM_Gemini_Scythe_Damaged.AM_Gemini_Scythe_Damaged","/Game/Blueprints/Characters/Enemy/Gemini_Scythe/AM_Gemini_Scythe_Dead.AM_Gemini_Scythe_Dead"
GhostMacaron,"","","1.200000","(FXData=""/Game/Data/Assets/EnemyFXAssets/Common/DA_EnemyFX_Common_GhostMacaron.DA_EnemyFX_Common_GhostMacaron"",BasicAttackTag=(TagName=""FX.Enemy.Common.GhostMacaron""),BasicAttackHitTag=(TagName=""FX.Enemy.Common.GhostMacaron.BasicAttackHit""),HitTag=(TagName=""FX.Enemy.Common.GhostMacaron.Hit""),DeathTag=(TagName=""FX.Enemy.Common.GhostMacaron.Death""))","/Game/Blueprints/Characters/Enemy/GhostMacaron/AM_GhostMacaron_BasicAttack.AM_GhostMacaron_BasicAttack","","/Script/Engine.BlueprintGeneratedClass'/Game/Test/KMJ/AI/BP_MyAIController.BP_MyAIController_C'","/Game/Test/KMJ/AI/BT_Monster.BT_Monster","/Game/Test/KMJ/AI/BB_Monster.BB_Monster","(AbilityClass=""/Script/Engine.BlueprintGeneratedClass'/Game/GAS/Abilities/GA_AreaBasicAttack.GA_AreaBasicAttack_C'"",EffectClass=""/Script/Engine.BlueprintGeneratedClass'/Game/GAS/Effects/GE_Damage_BasicAttack.GE_Damage_BasicAttack_C'"",ProjectileClass=None)","","(TagName=""Unit.Faction.Enemy"")","/Game/External_Assets/Monster/GhostMacaron/SKM_Ghostmacaron.SKM_Ghostmacaron","/Game/External_Assets/UI/Character/Icon_Monster/Icon_GhostMacaron.Icon_GhostMacaron","/Script/Engine.AnimBlueprintGeneratedClass'/Game/Blueprints/Characters/Enemy/GhostMacaron/ABP_GhostMacaron.ABP_GhostMacaron_C'","/Game/Blueprints/Characters/Enemy/GhostMacaron/AM_GhostMacaron_Damaged.AM_GhostMacaron_Damaged","/Game/Blueprints/Characters/Enemy/GhostMacaron/AM_GhostMacaron_Dead.AM_GhostMacaron_Dead"
Graf,"","","0.400000","(FXData=""/Game/Data/Assets/EnemyFXAssets/Common/DA_EnemyFX_Common_Graf.DA_EnemyFX_Common_Graf"",BasicAttackTag=(TagName=""FX.Enemy.Common.Graf""),BasicAttackHitTag=(TagName=""FX.Enemy.Common.Graf.BasicAttackHit""),HitTag=(TagName=""FX.Enemy.Common.Graf.Hit""),DeathTag=(TagName=""FX.Enemy.Common.Graf.Death""))","/Game/Blueprints/Characters/Enemy/Graf/AM_Graf_BasicAttack.AM_Graf_BasicAttack","","/Script/Engine.BlueprintGeneratedClass'/Game/Test/KMJ/AI/BP_MyAIController.BP_MyAIController_C'","/Game/Test/KMJ/AI/BT_Monster.BT_Monster","/Game/Test/KMJ/AI/BB_Monster.BB_Monster","(AbilityClass=""/Script/Engine.BlueprintGeneratedClass'/Game/GAS/Abilities/GA_AreaBasicAttack.GA_AreaBasicAttack_C'"",EffectClass=""/Script/Engine.BlueprintGeneratedClass'/Game/GAS/Effects/GE_Damage_BasicAttack.GE_Damage_BasicAttack_C'"",ProjectileClass=None)","","(TagName=""Unit.Faction.Enemy"")","/Game/External_Assets/Monster/Graf/SKM_Graf.SKM_Graf","/Game/External_Assets/UI/Character/Icon_Monster/Icon_Graf.Icon_Graf","/Script/Engine.AnimBlueprintGeneratedClass'/Game/Blueprints/Characters/Enemy/Graf/ABP_Graf.ABP_Graf_C'","/Game/Blueprints/Characters/Enemy/Graf/AM_Graf_Damaged.AM_Graf_Damaged","/Game/Blueprints/Characters/Enemy/Graf/AM_Graf_Dead.AM_Graf_Dead"
GuardianTreant,"((TagName=""FX.Enemy.Boss.GuardianTreant.Pattern1""),(TagName=""FX.Enemy.Boss.GuardianTreant.Pattern2""))","((TagName=""FX.Enemy.Boss.GuardianTreant.Pattern1Hit""),(TagName=""FX.Enemy.Boss.GuardianTreant.Pattern2Hit""))","0.800000","(FXData=""/Game/Data/Assets/EnemyFXAssets/Boss/DA_EnemyFX_Boss_GuardianTreant.DA_EnemyFX_Boss_GuardianTreant"",BasicAttackTag=(TagName=""FX.Enemy.Boss.GuardianTreant""),BasicAttackHitTag=(TagName=""FX.Enemy.Boss.GuardianTreant.BasicAttackHit""),HitTag=(TagName=""FX.Enemy.Boss.GuardianTreant.Hit""),DeathTag=(TagName=""FX.Enemy.Boss.GuardianTreant.Death""))","/Game/Blueprints/Characters/Enemy/GuardianTreant/AM_GuardianTreant_BasicAttack.AM_GuardianTreant_BasicAttack","(""/Game/Blueprints/Characters/Enemy/GuardianTreant/AM_GuardianTreant_Pattern1.AM_GuardianTreant_Pattern1"",""/Game/Blueprints/Characters/Enemy/GuardianTreant/AM_GuardianTreant_Pattern2.AM_GuardianTreant_Pattern2"")","/Script/Engine.BlueprintGeneratedClass'/Game/AI/AIController/Boss/BP_BossAIController.BP_BossAIController_C'","/Game/AI/BT/BT_Boss.BT_Boss","/Game/AI/BB/BB_Boss.BB_Boss","(AbilityClass=""/Script/Engine.BlueprintGeneratedClass'/Game/GAS/Abilities/GA_AreaBasicAttack.GA_AreaBasicAttack_C'"",EffectClass=""/Script/Engine.BlueprintGeneratedClass'/Game/GAS/Effects/GE_Damage_BasicAttack.GE_Damage_BasicAttack_C'"",ProjectileClass=None)","((AbilityClass=""/Script/Engine.BlueprintGeneratedClass'/Game/GAS/Abilities/GA_BossAreaPattern1.GA_BossAreaPattern1_C'"",EffectClass=""/Script/Engine.BlueprintGeneratedClass'/Game/GAS/Effects/GE_Damage_BasicAttack.GE_Damage_BasicAttack_C'"",ProjectileClass=None),(AbilityClass=""/Script/Engine.BlueprintGeneratedClass'/Game/GAS/Abilities/GA_BossAreaPattern2.GA_BossAreaPattern2_C'"",EffectClass=""/Script/Engine.BlueprintGeneratedClass'/Game/GAS/Effects/GE_Heal_Skill.GE_Heal_Skill_C'"",ProjectileClass=None))","(TagName=""Unit.Faction.Enemy"")","/Game/External_Assets/Monster/GuardianTreant/SKM_GuardianTreant.SKM_GuardianTreant","/Game/External_Assets/UI/Character/Icon_Monster/Icon_GuardianTreant.Icon_GuardianTreant","/Script/Engine.AnimBlueprintGeneratedClass'/Game/Blueprints/Characters/Enemy/GuardianTreant/ABP_GuardianTreant.ABP_GuardianTreant_C'","/Game/Blueprints/Characters/Enemy/GuardianTreant/AM_GuardianTreant_Damaged.AM_GuardianTreant_Damaged","/Game/Blueprints/Characters/Enemy/GuardianTreant/AM_GuardianTreant_Dead.AM_GuardianTreant_Dead"
HackingTool,"","","0.300000","(FXData=""/Game/Data/Assets/EnemyFXAssets/Common/DA_EnemyFX_Common_HackingTool.DA_EnemyFX_Common_HackingTool"",BasicAttackTag=(TagName=""FX.Enemy.Common.HackingTool""),BasicAttackHitTag=(TagName=""FX.Enemy.Common.HackingTool.BasicAttackHit""),HitTag=(TagName=""FX.Enemy.Common.HackingTool.Hit""),DeathTag=(TagName=""FX.Enemy.Common.HackingTool.Death""))","/Game/Blueprints/Characters/Enemy/HackingTool/AM_HackingTool_BasicAttack.AM_HackingTool_BasicAttack","","/Script/Engine.BlueprintGeneratedClass'/Game/Test/KMJ/AI/BP_MyAIController.BP_MyAIController_C'","/Game/Test/KMJ/AI/BT_Monster.BT_Monster","/Game/Test/KMJ/AI/BB_Monster.BB_Monster","(AbilityClass=""/Script/Engine.BlueprintGeneratedClass'/Game/GAS/Abilities/GA_AreaBasicAttack.GA_AreaBasicAttack_C'"",EffectClass=""/Script/Engine.BlueprintGeneratedClass'/Game/GAS/Effects/GE_Damage_BasicAttack.GE_Damage_BasicAttack_C'"",ProjectileClass=None)","","(TagName=""Unit.Faction.Enemy"")","/Game/External_Assets/Monster/HackingTool/SKM_HackingTool.SKM_HackingTool","/Game/External_Assets/UI/Character/Icon_Monster/Icon_HackingTool.Icon_HackingTool","/Script/Engine.AnimBlueprintGeneratedClass'/Game/Blueprints/Characters/Enemy/HackingTool/ABP_HackingTool.ABP_HackingTool_C'","/Game/Blueprints/Characters/Enemy/HackingTool/AM_HackingTool_Damaged.AM_HackingTool_Damaged","/Game/Blueprints/Characters/Enemy/HackingTool/AM_HackingTool_Dead.AM_HackingTool_Dead"
HoneyMos,"","","1.000000","(FXData=""/Game/Data/Assets/EnemyFXAssets/Common/DA_EnemyFX_Common_HoneyMos.DA_EnemyFX_Common_HoneyMos"",BasicAttackTag=(TagName=""FX.Enemy.Common.HoneyMos""),BasicAttackHitTag=(TagName=""FX.Enemy.Common.HoneyMos.BasicAttackHit""),HitTag=(TagName=""FX.Enemy.Common.HoneyMos.Hit""),DeathTag=(TagName=""FX.Enemy.Common.HoneyMos.Death""))","/Game/Blueprints/Characters/Enemy/HoneyMos/AM_HoneyMos_BasicAttack.AM_HoneyMos_BasicAttack","","/Script/Engine.BlueprintGeneratedClass'/Game/Test/KMJ/AI/BP_MyAIController.BP_MyAIController_C'","/Game/Test/KMJ/AI/BT_Monster.BT_Monster","/Game/Test/KMJ/AI/BB_Monster.BB_Monster","(AbilityClass=""/Script/Engine.BlueprintGeneratedClass'/Game/GAS/Abilities/GA_AreaBasicAttack.GA_AreaBasicAttack_C'"",EffectClass=""/Script/Engine.BlueprintGeneratedClass'/Game/GAS/Effects/GE_Damage_BasicAttack.GE_Damage_BasicAttack_C'"",ProjectileClass=None)","","(TagName=""Unit.Faction.Enemy"")","/Game/External_Assets/Monster/HoneyMos/SKM_HoneyMos.SKM_HoneyMos","/Game/External_Assets/UI/Character/Icon_Monster/Icon_HoneyMos.Icon_HoneyMos","/Script/Engine.AnimBlueprintGeneratedClass'/Game/Blueprints/Characters/Enemy/HoneyMos/ABP_HoneyMos.ABP_HoneyMos_C'","/Game/Blueprints/Characters/Enemy/HoneyMos/AM_HoneyMos_Damaged.AM_HoneyMos_Damaged","/Game/Blueprints/Characters/Enemy/HoneyMos/AM_HoneyMos_Dead.AM_HoneyMos_Dead"
Jellyfish,"","","0.900000","(FXData=""/Game/Data/Assets/EnemyFXAssets/Common/DA_EnemyFX_Common_Jellyfish.DA_EnemyFX_Common_Jellyfish"",BasicAttackTag=(TagName=""FX.Enemy.Common.Jellyfish""),BasicAttackHitTag=(TagName=""FX.Enemy.Common.Jellyfish.BasicAttackHit""),HitTag=(TagName=""FX.Enemy.Common.Jellyfish.Hit""),DeathTag=(TagName=""FX.Enemy.Common.Jellyfish.Death""))","/Game/Blueprints/Characters/Enemy/Jellyfish/AM_JellyFish_BasicAttack.AM_JellyFish_BasicAttack","","/Script/Engine.BlueprintGeneratedClass'/Game/Test/KMJ/AI/BP_MyAIController.BP_MyAIController_C'","/Game/Test/KMJ/AI/BT_Monster.BT_Monster","/Game/Test/KMJ/AI/BB_Monster.BB_Monster","(AbilityClass=""/Script/Engine.BlueprintGeneratedClass'/Game/GAS/Abilities/GA_AreaBasicAttack.GA_AreaBasicAttack_C'"",EffectClass=""/Script/Engine.BlueprintGeneratedClass'/Game/GAS/Effects/GE_Damage_BasicAttack.GE_Damage_BasicAttack_C'"",ProjectileClass=None)","","(TagName=""Unit.Faction.Enemy"")","/Game/External_Assets/Monster/Jellyfish/SKM_JellyFish.SKM_JellyFish","/Game/External_Assets/UI/Character/Icon_Monster/Icon_Jellyfish.Icon_Jellyfish","/Script/Engine.AnimBlueprintGeneratedClass'/Game/Blueprints/Characters/Enemy/Jellyfish/ABP_Jellyfish.ABP_Jellyfish_C'","/Game/Blueprints/Characters/Enemy/Jellyfish/AM_JellyFish_Damaged.AM_JellyFish_Damaged","/Game/Blueprints/Characters/Enemy/Jellyfish/AM_JellyFish_Dead.AM_JellyFish_Dead"
Karakasa,"","","0.600000","(FXData=""/Game/Data/Assets/EnemyFXAssets/Common/DA_EnemyFX_Common_Karakasa.DA_EnemyFX_Common_Karakasa"",BasicAttackTag=(TagName=""FX.Enemy.Common.Karakasa""),BasicAttackHitTag=(TagName=""FX.Enemy.Common.Karakasa.BasicAttackHit""),HitTag=(TagName=""FX.Enemy.Common.Karakasa.Hit""),DeathTag=(TagName=""FX.Enemy.Common.Karakasa.Death""))","/Game/Blueprints/Characters/Enemy/Karakasa/AM_Karakasa_BasicAttack.AM_Karakasa_BasicAttack","","/Script/Engine.BlueprintGeneratedClass'/Game/Test/KMJ/AI/BP_MyAIController.BP_MyAIController_C'","/Game/Test/KMJ/AI/BT_Monster.BT_Monster","/Game/Test/KMJ/AI/BB_Monster.BB_Monster","(AbilityClass=""/Script/Engine.BlueprintGeneratedClass'/Game/GAS/Abilities/GA_AreaBasicAttack.GA_AreaBasicAttack_C'"",EffectClass=""/Script/Engine.BlueprintGeneratedClass'/Game/GAS/Effects/GE_Damage_BasicAttack.GE_Damage_BasicAttack_C'"",ProjectileClass=None)","","(TagName=""Unit.Faction.Enemy"")","/Game/External_Assets/Monster/Karakasa/SKM_Karakasa.SKM_Karakasa","/Game/External_Assets/UI/Character/Icon_Monster/Icon_Karakasa.Icon_Karakasa","/Script/Engine.AnimBlueprintGeneratedClass'/Game/Blueprints/Characters/Enemy/Karakasa/ABP_Karakasa.ABP_Karakasa_C'","/Game/Blueprints/Characters/Enemy/Karakasa/AM_Karakasa_Damaged.AM_Karakasa_Damaged","/Game/Blueprints/Characters/Enemy/Karakasa/AM_Karakasa_Dead.AM_Karakasa_Dead"
Kraken,"","","0.300000","(FXData=""/Game/Data/Assets/EnemyFXAssets/Common/DA_EnemyFX_Common_Kraken.DA_EnemyFX_Common_Kraken"",BasicAttackTag=(TagName=""FX.Enemy.Common.Kraken""),BasicAttackHitTag=(TagName=""FX.Enemy.Common.Kraken.BasicAttackHit""),HitTag=(TagName=""FX.Enemy.Common.Kraken.Hit""),DeathTag=(TagName=""FX.Enemy.Common.Kraken.Death""))","/Game/Blueprints/Characters/Enemy/Kraken/AM_Kraken_BasicAttack.AM_Kraken_BasicAttack","","/Script/Engine.BlueprintGeneratedClass'/Game/Test/KMJ/AI/BP_MyAIController.BP_MyAIController_C'","/Game/Test/KMJ/AI/BT_Monster.BT_Monster","/Game/Test/KMJ/AI/BB_Monster.BB_Monster","(AbilityClass=""/Script/Engine.BlueprintGeneratedClass'/Game/GAS/Abilities/GA_AreaBasicAttack.GA_AreaBasicAttack_C'"",EffectClass=""/Script/Engine.BlueprintGeneratedClass'/Game/GAS/Effects/GE_Damage_BasicAttack.GE_Damage_BasicAttack_C'"",ProjectileClass=None)","","(TagName=""Unit.Faction.Enemy"")","/Game/External_Assets/Monster/Kraken/SKM_Kraken.SKM_Kraken","/Game/External_Assets/UI/Character/Icon_Monster/Icon_Kraken.Icon_Kraken","/Script/Engine.AnimBlueprintGeneratedClass'/Game/Blueprints/Characters/Enemy/Kraken/ABP_Kraken.ABP_Kraken_C'","/Game/Blueprints/Characters/Enemy/Kraken/AM_Kraken_Damaged.AM_Kraken_Damaged","/Game/Blueprints/Characters/Enemy/Kraken/AM_Kraken_Death.AM_Kraken_Death"
LikeStatue,"","","0.700000","(FXData=""/Game/Data/Assets/EnemyFXAssets/Common/DA_EnemyFX_Common_LikeStatue.DA_EnemyFX_Common_LikeStatue"",BasicAttackTag=(TagName=""FX.Enemy.Common.LikeStatue""),BasicAttackHitTag=(TagName=""FX.Enemy.Common.LikeStatue.BasicAttackHit""),HitTag=(TagName=""FX.Enemy.Common.LikeStatue.Hit""),DeathTag=(TagName=""FX.Enemy.Common.LikeStatue.Death""))","/Game/Blueprints/Characters/Enemy/LikeStatue/AM_LikeStatue2_BasicAttack.AM_LikeStatue2_BasicAttack","","/Script/Engine.BlueprintGeneratedClass'/Game/Test/KMJ/AI/BP_MyAIController.BP_MyAIController_C'","/Game/Test/KMJ/AI/BT_Monster.BT_Monster","/Game/Test/KMJ/AI/BB_Monster.BB_Monster","(AbilityClass=""/Script/Engine.BlueprintGeneratedClass'/Game/GAS/Abilities/GA_AreaBasicAttack.GA_AreaBasicAttack_C'"",EffectClass=""/Script/Engine.BlueprintGeneratedClass'/Game/GAS/Effects/GE_Damage_BasicAttack.GE_Damage_BasicAttack_C'"",ProjectileClass=None)","","(TagName=""Unit.Faction.Enemy"")","/Game/External_Assets/Monster/LikeStatue/SKM_LikeStatue2.SKM_LikeStatue2","/Game/External_Assets/UI/Character/Icon_Monster/Icon_LikeStatue.Icon_LikeStatue","/Script/Engine.AnimBlueprintGeneratedClass'/Game/Blueprints/Characters/Enemy/LikeStatue/ABP_LikeStatue.ABP_LikeStatue_C'","/Game/Blueprints/Characters/Enemy/LikeStatue/AM_LikeStatue2_Damaged.AM_LikeStatue2_Damaged","/Game/Blueprints/Characters/Enemy/LikeStatue/AM_LikeStatue2_Dead.AM_LikeStatue2_Dead"
LordFelice,"","","0.300000","(FXData=""/Game/Data/Assets/EnemyFXAssets/Common/DA_EnemyFX_Common_LordFelice.DA_EnemyFX_Common_LordFelice"",BasicAttackTag=(TagName=""FX.Enemy.Common.LordFelice""),BasicAttackHitTag=(TagName=""FX.Enemy.Common.LordFelice.BasicAttackHit""),HitTag=(TagName=""FX.Enemy.Common.LordFelice.Hit""),DeathTag=(TagName=""FX.Enemy.Common.LordFelice.Death""))","/Game/Blueprints/Characters/Enemy/LordFelice/AM_LordFelice_BasicAttack.AM_LordFelice_BasicAttack","","/Script/Engine.BlueprintGeneratedClass'/Game/Test/KMJ/AI/BP_MyAIController.BP_MyAIController_C'","/Game/Test/KMJ/AI/BT_Monster.BT_Monster","/Game/Test/KMJ/AI/BB_Monster.BB_Monster","(AbilityClass=""/Script/Engine.BlueprintGeneratedClass'/Game/GAS/Abilities/GA_AreaBasicAttack.GA_AreaBasicAttack_C'"",EffectClass=""/Script/Engine.BlueprintGeneratedClass'/Game/GAS/Effects/GE_Damage_BasicAttack.GE_Damage_BasicAttack_C'"",ProjectileClass=None)","","(TagName=""Unit.Faction.Enemy"")","/Game/External_Assets/Monster/LordFelice/SKM_LordFelice.SKM_LordFelice","/Game/External_Assets/UI/Character/Icon_Monster/Icon_LordFelice.Icon_LordFelice","/Script/Engine.AnimBlueprintGeneratedClass'/Game/Blueprints/Characters/Enemy/LordFelice/ABP_LordFelice.ABP_LordFelice_C'","/Game/Blueprints/Characters/Enemy/LordFelice/AM_LordFelice_Damaged.AM_LordFelice_Damaged","/Game/Blueprints/Characters/Enemy/LordFelice/AM_LordFelice_Dead.AM_LordFelice_Dead"
Mandragora,"","","1.500000","(FXData=""/Game/Data/Assets/EnemyFXAssets/Common/DA_EnemyFX_Common_Mandragora.DA_EnemyFX_Common_Mandragora"",BasicAttackTag=(TagName=""FX.Enemy.Common.Mandragora""),BasicAttackHitTag=(TagName=""FX.Enemy.Common.Mandragora.BasicAttackHit""),HitTag=(TagName=""FX.Enemy.Common.Mandragora.Hit""),DeathTag=(TagName=""FX.Enemy.Common.Mandragora.Death""))","/Game/Blueprints/Characters/Enemy/Mandragora/AM_Mandragora_BasicAttack.AM_Mandragora_BasicAttack","","/Script/Engine.BlueprintGeneratedClass'/Game/Test/KMJ/AI/BP_MyAIController.BP_MyAIController_C'","/Game/Test/KMJ/AI/BT_Monster.BT_Monster","/Game/Test/KMJ/AI/BB_Monster.BB_Monster","(AbilityClass=""/Script/Engine.BlueprintGeneratedClass'/Game/GAS/Abilities/GA_ProjectileBasicAttack.GA_ProjectileBasicAttack_C'"",EffectClass=""/Script/Engine.BlueprintGeneratedClass'/Game/GAS/Effects/GE_Damage_BasicAttack.GE_Damage_BasicAttack_C'"",ProjectileClass=None)","","(TagName=""Unit.Faction.Enemy"")","/Game/External_Assets/Monster/Mandragora/SKM_Mandragora.SKM_Mandragora","/Game/External_Assets/UI/Character/Icon_Monster/Icon_Mandragora.Icon_Mandragora","/Script/Engine.AnimBlueprintGeneratedClass'/Game/Blueprints/Characters/Enemy/Mandragora/ABP_Mandragora.ABP_Mandragora_C'","/Game/Blueprints/Characters/Enemy/Mandragora/AM_Mandragora_Damaged.AM_Mandragora_Damaged","/Game/Blueprints/Characters/Enemy/Mandragora/AM_Mandragora_Dead.AM_Mandragora_Dead"
Mask,"","","1.200000","(FXData=""/Game/Data/Assets/EnemyFXAssets/Common/DA_EnemyFX_Common_Mask.DA_EnemyFX_Common_Mask"",BasicAttackTag=(TagName=""FX.Enemy.Common.Mask""),BasicAttackHitTag=(TagName=""FX.Enemy.Common.Mask.BasicAttackHit""),HitTag=(TagName=""FX.Enemy.Common.Mask.Hit""),DeathTag=(TagName=""FX.Enemy.Common.Mask.Death""))","/Game/Blueprints/Characters/Enemy/Mask/AM_Mask_BasicAttack.AM_Mask_BasicAttack","","/Script/Engine.BlueprintGeneratedClass'/Game/Test/KMJ/AI/BP_MyAIController.BP_MyAIController_C'","/Game/Test/KMJ/AI/BT_Monster.BT_Monster","/Game/Test/KMJ/AI/BB_Monster.BB_Monster","(AbilityClass=""/Script/Engine.BlueprintGeneratedClass'/Game/GAS/Abilities/GA_AreaBasicAttack.GA_AreaBasicAttack_C'"",EffectClass=""/Script/Engine.BlueprintGeneratedClass'/Game/GAS/Effects/GE_Damage_BasicAttack.GE_Damage_BasicAttack_C'"",ProjectileClass=None)","","(TagName=""Unit.Faction.Enemy"")","/Game/External_Assets/Monster/Mask/SKM_Mask.SKM_Mask","/Game/External_Assets/UI/Character/Icon_Monster/Icon_MaskScarecrow.Icon_MaskScarecrow","/Script/Engine.AnimBlueprintGeneratedClass'/Game/Blueprints/Characters/Enemy/Mask/ABP_Mask.ABP_Mask_C'","/Game/Blueprints/Characters/Enemy/Mask/AM_Mask_Damaged.AM_Mask_Damaged","/Game/Blueprints/Characters/Enemy/Mask/AM_Mask_Dead.AM_Mask_Dead"
Mechanicus,"","","1.500000","(FXData=""/Game/Data/Assets/EnemyFXAssets/Common/DA_EnemyFX_Common_Mechanicus.DA_EnemyFX_Common_Mechanicus"",BasicAttackTag=(TagName=""FX.Enemy.Common.Mechanicus""),BasicAttackHitTag=(TagName=""FX.Enemy.Common.Mechanicus.BasicAttackHit""),HitTag=(TagName=""FX.Enemy.Common.Mechanicus.Hit""),DeathTag=(TagName=""FX.Enemy.Common.Mechanicus.Death""))","/Game/Blueprints/Characters/Enemy/Mechanicus/AM_Mechanicus_BasicAttack.AM_Mechanicus_BasicAttack","","/Script/Engine.BlueprintGeneratedClass'/Game/Test/KMJ/AI/BP_MyAIController.BP_MyAIController_C'","/Game/Test/KMJ/AI/BT_Monster.BT_Monster","/Game/Test/KMJ/AI/BB_Monster.BB_Monster","(AbilityClass=""/Script/Engine.BlueprintGeneratedClass'/Game/GAS/Abilities/GA_ProjectileBasicAttack.GA_ProjectileBasicAttack_C'"",EffectClass=""/Script/Engine.BlueprintGeneratedClass'/Game/GAS/Effects/GE_Damage_BasicAttack.GE_Damage_BasicAttack_C'"",ProjectileClass=None)","","(TagName=""Unit.Faction.Enemy"")","/Game/External_Assets/Monster/Mechanicus/SKM_Mechanicus.SKM_Mechanicus","/Game/External_Assets/UI/Character/Icon_Monster/Icon_Mechanicus.Icon_Mechanicus","/Script/Engine.AnimBlueprintGeneratedClass'/Game/Blueprints/Characters/Enemy/Mechanicus/ABP_Mechanicus.ABP_Mechanicus_C'","/Game/Blueprints/Characters/Enemy/Mechanicus/AM_Mechanicus_Damaged.AM_Mechanicus_Damaged","/Game/Blueprints/Characters/Enemy/Mechanicus/AM_Mechanicus_Dead.AM_Mechanicus_Dead"
Megaron,"((TagName=""FX.Enemy.Boss.Megaron.Pattern1""),(TagName=""FX.Enemy.Boss.Megaron.Pattern2""))","((TagName=""FX.Enemy.Boss.Megaron.Pattern1Hit""),(TagName=""FX.Enemy.Boss.Megaron.Pattern2Hit""))","2.500000","(FXData=""/Game/Data/Assets/EnemyFXAssets/Boss/DA_EnemyFX_Boss_Megaron.DA_EnemyFX_Boss_Megaron"",BasicAttackTag=(TagName=""FX.Enemy.Boss.Megaron""),BasicAttackHitTag=(TagName=""FX.Enemy.Boss.Megaron.BasicAttackHit""),HitTag=(TagName=""FX.Enemy.Boss.Megaron.Hit""),DeathTag=(TagName=""FX.Enemy.Boss.Megaron.Death""))","/Game/Blueprints/Characters/Enemy/Megaron/AM_Megaron_BasicAttack.AM_Megaron_BasicAttack","(""/Game/Blueprints/Characters/Enemy/Megaron/AM_Megaron_Pattern1.AM_Megaron_Pattern1"",""/Game/Blueprints/Characters/Enemy/Megaron/AM_Megaron_Pattern2.AM_Megaron_Pattern2"")","/Script/Engine.BlueprintGeneratedClass'/Game/Test/KMJ/AI/BP_MyAIController.BP_MyAIController_C'","/Game/Test/KMJ/AI/BT_Monster.BT_Monster","/Game/Test/KMJ/AI/BB_Monster.BB_Monster","(AbilityClass=""/Script/Engine.BlueprintGeneratedClass'/Game/GAS/Abilities/GA_AreaBasicAttack.GA_AreaBasicAttack_C'"",EffectClass=""/Script/Engine.BlueprintGeneratedClass'/Game/GAS/Effects/GE_Damage_BasicAttack.GE_Damage_BasicAttack_C'"",ProjectileClass=None)","((AbilityClass=""/Script/Engine.BlueprintGeneratedClass'/Game/GAS/Abilities/GA_BossAreaPattern1.GA_BossAreaPattern1_C'"",EffectClass=""/Script/Engine.BlueprintGeneratedClass'/Game/GAS/Effects/GE_Damage_BasicAttack.GE_Damage_BasicAttack_C'"",ProjectileClass=None),(AbilityClass=""/Script/Engine.BlueprintGeneratedClass'/Game/GAS/Abilities/GA_BossProjectilePattern2.GA_BossProjectilePattern2_C'"",EffectClass=""/Script/Engine.BlueprintGeneratedClass'/Game/GAS/Effects/GE_Damage_BasicAttack.GE_Damage_BasicAttack_C'"",ProjectileClass=None))","(TagName=""Unit.Faction.Enemy"")","/Game/External_Assets/Monster/Megaron/SKM_Megaron_A.SKM_Megaron_A","/Game/External_Assets/UI/Character/Icon_Monster/Icon_Megaron.Icon_Megaron","/Script/Engine.AnimBlueprintGeneratedClass'/Game/Blueprints/Characters/Enemy/Megaron/ABP_Megaron.ABP_Megaron_C'","/Game/Blueprints/Characters/Enemy/Megaron/AM_Megaron_Damaged.AM_Megaron_Damaged","/Game/Blueprints/Characters/Enemy/Megaron/AM_Megaron_Death.AM_Megaron_Death"
Mimic,"","","0.500000","(FXData=""/Game/Data/Assets/EnemyFXAssets/Common/DA_EnemyFX_Common_Mimic.DA_EnemyFX_Common_Mimic"",BasicAttackTag=(TagName=""FX.Enemy.Common.Mimic""),BasicAttackHitTag=(TagName=""FX.Enemy.Common.Mimic.BasicAttackHit""),HitTag=(TagName=""FX.Enemy.Common.Mimic.Hit""),DeathTag=(TagName=""FX.Enemy.Common.Mimic.Death""))","/Game/Blueprints/Characters/Enemy/Mimic/AM_Mimic_BasicAttack.AM_Mimic_BasicAttack","","/Script/Engine.BlueprintGeneratedClass'/Game/Test/KMJ/AI/BP_MyAIController.BP_MyAIController_C'","/Game/Test/KMJ/AI/BT_Monster.BT_Monster","/Game/Test/KMJ/AI/BB_Monster.BB_Monster","(AbilityClass=""/Script/Engine.BlueprintGeneratedClass'/Game/GAS/Abilities/GA_AreaBasicAttack.GA_AreaBasicAttack_C'"",EffectClass=""/Script/Engine.BlueprintGeneratedClass'/Game/GAS/Effects/GE_Damage_BasicAttack.GE_Damage_BasicAttack_C'"",ProjectileClass=None)","","(TagName=""Unit.Faction.Enemy"")","/Game/External_Assets/Monster/Mimic/SKM_Mimic_Box.SKM_Mimic_Box","/Game/External_Assets/UI/Character/Icon_Monster/Icon_Mimic.Icon_Mimic","/Script/Engine.AnimBlueprintGeneratedClass'/Game/Blueprints/Characters/Enemy/Mimic/ABP_Mimic.ABP_Mimic_C'","/Game/Blueprints/Characters/Enemy/Mimic/AM_Mimic_Damaged.AM_Mimic_Damaged","/Game/Blueprints/Characters/Enemy/Mimic/AM_Mimic_Dead.AM_Mimic_Dead"
Octopus,"","","1.200000","(FXData=""/Game/Data/Assets/EnemyFXAssets/Common/DA_EnemyFX_Common_Octopus.DA_EnemyFX_Common_Octopus"",BasicAttackTag=(TagName=""FX.Enemy.Common.Octopus""),BasicAttackHitTag=(TagName=""FX.Enemy.Common.Octopus.BasicAttackHit""),HitTag=(TagName=""FX.Enemy.Common.Octopus.Hit""),DeathTag=(TagName=""FX.Enemy.Common.Octopus.Death""))","/Game/Blueprints/Characters/Enemy/Octopus/AM_Octopus_BasicAttack.AM_Octopus_BasicAttack","","/Script/Engine.BlueprintGeneratedClass'/Game/Test/KMJ/AI/BP_MyAIController.BP_MyAIController_C'","/Game/Test/KMJ/AI/BT_Monster.BT_Monster","/Game/Test/KMJ/AI/BB_Monster.BB_Monster","(AbilityClass=""/Script/Engine.BlueprintGeneratedClass'/Game/GAS/Abilities/GA_AreaBasicAttack.GA_AreaBasicAttack_C'"",EffectClass=""/Script/Engine.BlueprintGeneratedClass'/Game/GAS/Effects/GE_Damage_BasicAttack.GE_Damage_BasicAttack_C'"",ProjectileClass=None)","","(TagName=""Unit.Faction.Enemy"")","/Game/External_Assets/Monster/Octopus/SKM_octopus.SKM_octopus","/Game/External_Assets/UI/Character/Icon_Monster/Icon_Octopus.Icon_Octopus","/Script/Engine.AnimBlueprintGeneratedClass'/Game/Blueprints/Characters/Enemy/Octopus/ABP_Octopus.ABP_Octopus_C'","/Game/Blueprints/Characters/Enemy/Octopus/AM_Octopus_Damaged.AM_Octopus_Damaged","/Game/Blueprints/Characters/Enemy/Octopus/AM_Octopus_Dead.AM_Octopus_Dead"
PistolShrimp,"","","0.600000","(FXData=""/Game/Data/Assets/EnemyFXAssets/Common/DA_EnemyFX_Common_PistolShrimp.DA_EnemyFX_Common_PistolShrimp"",BasicAttackTag=(TagName=""FX.Enemy.Common.PistolShrimp""),BasicAttackHitTag=(TagName=""FX.Enemy.Common.PistolShrimp.BasicAttackHit""),HitTag=(TagName=""FX.Enemy.Common.PistolShrimp.Hit""),DeathTag=(TagName=""FX.Enemy.Common.PistolShrimp.Death""))","/Game/Blueprints/Characters/Enemy/PistolShrimp/AM_PistolShrimp_BasicAttack.AM_PistolShrimp_BasicAttack","","/Script/Engine.BlueprintGeneratedClass'/Game/Test/KMJ/AI/BP_MyAIController.BP_MyAIController_C'","/Game/Test/KMJ/AI/BT_Monster.BT_Monster","/Game/Test/KMJ/AI/BB_Monster.BB_Monster","(AbilityClass=""/Script/Engine.BlueprintGeneratedClass'/Game/GAS/Abilities/GA_AreaBasicAttack.GA_AreaBasicAttack_C'"",EffectClass=""/Script/Engine.BlueprintGeneratedClass'/Game/GAS/Effects/GE_Damage_BasicAttack.GE_Damage_BasicAttack_C'"",ProjectileClass=None)","","(TagName=""Unit.Faction.Enemy"")","/Game/External_Assets/Monster/PistolShrimp/SKM_PistolShrimp.SKM_PistolShrimp","/Game/External_Assets/UI/Character/Icon_Monster/Icon_PistolShrimp.Icon_PistolShrimp","/Script/Engine.AnimBlueprintGeneratedClass'/Game/Blueprints/Characters/Enemy/PistolShrimp/ABP_PistolShrimp.ABP_PistolShrimp_C'","/Game/Blueprints/Characters/Enemy/PistolShrimp/AM_PistolShrimp_Damaged.AM_PistolShrimp_Damaged","/Game/Blueprints/Characters/Enemy/PistolShrimp/AM_PistolShrimp_Dead.AM_PistolShrimp_Dead"
Pufferfish,"","","0.600000","(FXData=""/Game/Data/Assets/EnemyFXAssets/Common/DA_EnemyFX_Common_Pufferfish.DA_EnemyFX_Common_Pufferfish"",BasicAttackTag=(TagName=""FX.Enemy.Common.Pufferfish""),BasicAttackHitTag=(TagName=""FX.Enemy.Common.Pufferfish.BasicAttackHit""),HitTag=(TagName=""FX.Enemy.Common.Pufferfish.Hit""),DeathTag=(TagName=""FX.Enemy.Common.Pufferfish.Death""))","/Game/Blueprints/Characters/Enemy/Pufferfish/AM_Pufferfish_BasicAttack.AM_Pufferfish_BasicAttack","","/Script/Engine.BlueprintGeneratedClass'/Game/Test/KMJ/AI/BP_MyAIController.BP_MyAIController_C'","/Game/Test/KMJ/AI/BT_Monster.BT_Monster","/Game/Test/KMJ/AI/BB_Monster.BB_Monster","(AbilityClass=""/Script/Engine.BlueprintGeneratedClass'/Game/GAS/Abilities/GA_AreaBasicAttack.GA_AreaBasicAttack_C'"",EffectClass=""/Script/Engine.BlueprintGeneratedClass'/Game/GAS/Effects/GE_Damage_BasicAttack.GE_Damage_BasicAttack_C'"",ProjectileClass=None)","","(TagName=""Unit.Faction.Enemy"")","/Game/External_Assets/Monster/Pufferfish/SKM_PufferFish_A.SKM_PufferFish_A","/Game/External_Assets/UI/Character/Icon_Monster/Icon_Pufferfish.Icon_Pufferfish","/Script/Engine.AnimBlueprintGeneratedClass'/Game/Blueprints/Characters/Enemy/Pufferfish/ABP_Pufferfish.ABP_Pufferfish_C'","/Game/Blueprints/Characters/Enemy/Pufferfish/AM_Pufferfish_Damaged.AM_Pufferfish_Damaged","/Game/Blueprints/Characters/Enemy/Pufferfish/AM_Pufferfish_Dead.AM_Pufferfish_Dead"
Seasoner,"","","1.400000","(FXData=""/Game/Data/Assets/EnemyFXAssets/Common/DA_EnemyFX_Common_Seasoner.DA_EnemyFX_Common_Seasoner"",BasicAttackTag=(TagName=""FX.Enemy.Common.Seasoner""),BasicAttackHitTag=(TagName=""FX.Enemy.Common.Seasoner.BasicAttackHit""),HitTag=(TagName=""FX.Enemy.Common.Seasoner.Hit""),DeathTag=(TagName=""FX.Enemy.Common.Seasoner.Death""))","/Game/Blueprints/Characters/Enemy/Seasoner/AM_Seasoner_BasicAttack.AM_Seasoner_BasicAttack","","/Script/Engine.BlueprintGeneratedClass'/Game/Test/KMJ/AI/BP_MyAIController.BP_MyAIController_C'","/Game/Test/KMJ/AI/BT_Monster.BT_Monster","/Game/Test/KMJ/AI/BB_Monster.BB_Monster","(AbilityClass=""/Script/Engine.BlueprintGeneratedClass'/Game/GAS/Abilities/GA_AreaBasicAttack.GA_AreaBasicAttack_C'"",EffectClass=""/Script/Engine.BlueprintGeneratedClass'/Game/GAS/Effects/GE_Damage_BasicAttack.GE_Damage_BasicAttack_C'"",ProjectileClass=None)","","(TagName=""Unit.Faction.Enemy"")","/Game/External_Assets/Monster/Seasoner/SKM_Seasoner.SKM_Seasoner","/Game/External_Assets/UI/Character/Icon_Monster/Icon_Seasoner.Icon_Seasoner","/Script/Engine.AnimBlueprintGeneratedClass'/Game/Blueprints/Characters/Enemy/Seasoner/ABP_Seasoner.ABP_Seasoner_C'","/Game/Blueprints/Characters/Enemy/Seasoner/AM_Seasoner_Damaged.AM_Seasoner_Damaged","/Game/Blueprints/Characters/Enemy/Seasoner/AM_Seasoner_Dead.AM_Seasoner_Dead"
SharkRider,"","","0.400000","(FXData=""/Game/Data/Assets/EnemyFXAssets/Common/DA_EnemyFX_Common_SharkRider.DA_EnemyFX_Common_SharkRider"",BasicAttackTag=(TagName=""FX.Enemy.Common.SharkRider""),BasicAttackHitTag=(TagName=""FX.Enemy.Common.SharkRider.BasicAttackHit""),HitTag=(TagName=""FX.Enemy.Common.SharkRider.Hit""),DeathTag=(TagName=""FX.Enemy.Common.SharkRider.Death""))","/Game/Blueprints/Characters/Enemy/SharkRider/AM_SharkRider_BasicAttack.AM_SharkRider_BasicAttack","","/Script/Engine.BlueprintGeneratedClass'/Game/Test/KMJ/AI/BP_MyAIController.BP_MyAIController_C'","/Game/Test/KMJ/AI/BT_Monster.BT_Monster","/Game/Test/KMJ/AI/BB_Monster.BB_Monster","(AbilityClass=""/Script/Engine.BlueprintGeneratedClass'/Game/GAS/Abilities/GA_AreaBasicAttack.GA_AreaBasicAttack_C'"",EffectClass=""/Script/Engine.BlueprintGeneratedClass'/Game/GAS/Effects/GE_Damage_BasicAttack.GE_Damage_BasicAttack_C'"",ProjectileClass=None)","","(TagName=""Unit.Faction.Enemy"")","/Game/External_Assets/Monster/SharkRider/SKM_SharkRider.SKM_SharkRider","/Game/External_Assets/UI/Character/Icon_Monster/Icon_SharkRider.Icon_SharkRider","/Script/Engine.AnimBlueprintGeneratedClass'/Game/Blueprints/Characters/Enemy/SharkRider/ABP_SharkRider.ABP_SharkRider_C'","/Game/Blueprints/Characters/Enemy/SharkRider/AM_SharkRider_Damaged.AM_SharkRider_Damaged","/Game/Blueprints/Characters/Enemy/SharkRider/AM_SharkRider_Dead.AM_SharkRider_Dead"
Starspawn,"","","2.000000","(FXData=""/Game/Data/Assets/EnemyFXAssets/Common/DA_EnemyFX_Common_Starspawn.DA_EnemyFX_Common_Starspawn"",BasicAttackTag=(TagName=""FX.Enemy.Common.Starspawn""),BasicAttackHitTag=(TagName=""FX.Enemy.Common.Starspawn.BasicAttackHit""),HitTag=(TagName=""FX.Enemy.Common.Starspawn.Hit""),DeathTag=(TagName=""FX.Enemy.Common.Starspawn.Death""))","/Game/Blueprints/Characters/Enemy/Starspawn/AM_Starspawn_BasicAttack.AM_Starspawn_BasicAttack","","/Script/Engine.BlueprintGeneratedClass'/Game/Test/KMJ/AI/BP_MyAIController.BP_MyAIController_C'","/Game/Test/KMJ/AI/BT_Monster.BT_Monster","/Game/Test/KMJ/AI/BB_Monster.BB_Monster","(AbilityClass=""/Script/Engine.BlueprintGeneratedClass'/Game/GAS/Abilities/GA_AreaBasicAttack.GA_AreaBasicAttack_C'"",EffectClass=""/Script/Engine.BlueprintGeneratedClass'/Game/GAS/Effects/GE_Damage_BasicAttack.GE_Damage_BasicAttack_C'"",ProjectileClass=None)","","(TagName=""Unit.Faction.Enemy"")","/Game/External_Assets/Monster/Starspawn/SKM_Starspawn.SKM_Starspawn","/Game/External_Assets/UI/Character/Icon_Monster/Icon_Starspawn.Icon_Starspawn","/Script/Engine.AnimBlueprintGeneratedClass'/Game/Blueprints/Characters/Enemy/Starspawn/ABP_Starspawn.ABP_Starspawn_C'","/Game/Blueprints/Characters/Enemy/Starspawn/AM_Starspawn_Damaged.AM_Starspawn_Damaged","/Game/Blueprints/Characters/Enemy/Starspawn/AM_Starspawn_Dead.AM_Starspawn_Dead"
Ushabti,"","","1.000000","(FXData=""/Game/Data/Assets/EnemyFXAssets/Common/DA_EnemyFX_Common_Ushabti.DA_EnemyFX_Common_Ushabti"",BasicAttackTag=(TagName=""FX.Enemy.Common.Ushabti""),BasicAttackHitTag=(TagName=""FX.Enemy.Common.Ushabti.BasicAttackHit""),HitTag=(TagName=""FX.Enemy.Common.Ushabti.Hit""),DeathTag=(TagName=""FX.Enemy.Common.Ushabti.Death""))","/Game/Blueprints/Characters/Enemy/Ushabti/AM_Ushabti_BasicAttack.AM_Ushabti_BasicAttack","","/Script/Engine.BlueprintGeneratedClass'/Game/Test/KMJ/AI/BP_MyAIController.BP_MyAIController_C'","/Game/Test/KMJ/AI/BT_Monster.BT_Monster","/Game/Test/KMJ/AI/BB_Monster.BB_Monster","(AbilityClass=""/Script/Engine.BlueprintGeneratedClass'/Game/GAS/Abilities/GA_AreaBasicAttack.GA_AreaBasicAttack_C'"",EffectClass=""/Script/Engine.BlueprintGeneratedClass'/Game/GAS/Effects/GE_Damage_BasicAttack.GE_Damage_BasicAttack_C'"",ProjectileClass=None)","","(TagName=""Unit.Faction.Enemy"")","/Game/External_Assets/Monster/Ushabti/SKM_Ushabti.SKM_Ushabti","/Game/External_Assets/UI/Character/Icon_Monster/Icon_Ushabti.Icon_Ushabti","/Script/Engine.AnimBlueprintGeneratedClass'/Game/Blueprints/Characters/Enemy/Ushabti/ABP_Ushabti.ABP_Ushabti_C'","/Game/Blueprints/Characters/Enemy/Ushabti/AM_Ushabti_Damaged.AM_Ushabti_Damaged","/Game/Blueprints/Characters/Enemy/Ushabti/AM_Ushabti_Dead.AM_Ushabti_Dead"
Wagon,"","","1.000000","(FXData=""/Game/Data/Assets/EnemyFXAssets/Common/DA_EnemyFX_Common_Wagon.DA_EnemyFX_Common_Wagon"",BasicAttackTag=(TagName=""FX.Enemy.Common.Wagon""),BasicAttackHitTag=(TagName=""FX.Enemy.Common.Wagon.BasicAttackHit""),HitTag=(TagName=""FX.Enemy.Common.Wagon.Hit""),DeathTag=(TagName=""FX.Enemy.Common.Wagon.Death""))","/Game/Blueprints/Characters/Enemy/Wagon/AM_Wagon_BasicAttack.AM_Wagon_BasicAttack","","/Script/Engine.BlueprintGeneratedClass'/Game/Test/KMJ/AI/BP_MyAIController.BP_MyAIController_C'","/Game/Test/KMJ/AI/BT_Monster.BT_Monster","/Game/Test/KMJ/AI/BB_Monster.BB_Monster","(AbilityClass=""/Script/Engine.BlueprintGeneratedClass'/Game/GAS/Abilities/GA_ProjectileBasicAttack.GA_ProjectileBasicAttack_C'"",EffectClass=""/Script/Engine.BlueprintGeneratedClass'/Game/GAS/Effects/GE_Damage_BasicAttack.GE_Damage_BasicAttack_C'"",ProjectileClass=None)","","(TagName=""Unit.Faction.Enemy"")","/Game/External_Assets/Monster/Wagon/SKM_wagon_A.SKM_wagon_A","/Game/External_Assets/UI/Character/Icon_Monster/Icon_Wagon.Icon_Wagon","/Script/Engine.AnimBlueprintGeneratedClass'/Game/Blueprints/Characters/Enemy/Wagon/ABP_Wagon.ABP_Wagon_C'","/Game/Blueprints/Characters/Enemy/Wagon/AM_Wagon_Damaged.AM_Wagon_Damaged","/Game/Blueprints/Characters/Enemy/Wagon/AM_Wagon_Dead.AM_Wagon_Dead"
Watcher,"","","1.000000","(FXData=""/Game/Data/Assets/EnemyFXAssets/Common/DA_EnemyFX_Common_Watcher.DA_EnemyFX_Common_Watcher"",BasicAttackTag=(TagName=""FX.Enemy.Common.Watcher""),BasicAttackHitTag=(TagName=""FX.Enemy.Common.Watcher.BasicAttackHit""),HitTag=(TagName=""FX.Enemy.Common.Watcher.Hit""),DeathTag=(TagName=""FX.Enemy.Common.Watcher.Death""))","/Game/Blueprints/Characters/Enemy/Watcher/AM_Watcher_BasicAttack.AM_Watcher_BasicAttack","","/Script/Engine.BlueprintGeneratedClass'/Game/Test/KMJ/AI/BP_MyAIController.BP_MyAIController_C'","/Game/Test/KMJ/AI/BT_Monster.BT_Monster","/Game/Test/KMJ/AI/BB_Monster.BB_Monster","(AbilityClass=""/Script/Engine.BlueprintGeneratedClass'/Game/GAS/Abilities/GA_AreaBasicAttack.GA_AreaBasicAttack_C'"",EffectClass=""/Script/Engine.BlueprintGeneratedClass'/Game/GAS/Effects/GE_Damage_BasicAttack.GE_Damage_BasicAttack_C'"",ProjectileClass=None)","","(TagName=""Unit.Faction.Enemy"")","/Game/External_Assets/Monster/Watcher/SKM_Watcher_A.SKM_Watcher_A","/Game/External_Assets/UI/Character/Icon_Monster/Icon_Watcher.Icon_Watcher","/Script/Engine.AnimBlueprintGeneratedClass'/Game/Blueprints/Characters/Enemy/Watcher/ABP_Watcher.ABP_Watcher_C'","/Game/Blueprints/Characters/Enemy/Watcher/AM_Watcher_Damaged.AM_Watcher_Damaged","/Game/Blueprints/Characters/Enemy/Watcher/AM_Watcher_Dead.AM_Watcher_Dead"
