---,WeaponBasicAttackIcon,WeaponSkillIcon,WeaponTag,WeaponType,BasicAttackSetup,WeaponSkillSetup,WeaponFX,ItemMesh,AttachmentSocket,Icon
Blunt_Cleaner,None,None,"(TagName=""Item.Type.Weapon.Melee.Blunt"")",Melee,"(AbilityClass=""/Script/Engine.BlueprintGeneratedClass'/Game/GAS/Abilities/GA_AreaBasicAttack.GA_AreaBasicAttack_C'"",EffectClass=""/Script/Engine.BlueprintGeneratedClass'/Game/GAS/Effects/GE_Damage_BasicAttack.GE_Damage_BasicAttack_C'"",ProjectileClass=None)","(AbilityClass=""/Script/Engine.BlueprintGeneratedClass'/Game/GAS/Abilities/GA_AreaSkill.GA_AreaSkill_C'"",EffectClass=""/Script/Engine.BlueprintGeneratedClass'/Game/GAS/Effects/GE_Damage_Skill.GE_Damage_Skill_C'"",ProjectileClass=None)","(FXData=""/Game/Data/Assets/WeaponFXAssets/DA_WeaponFX_Blunt_Cleaner.DA_WeaponFX_Blunt_Cleaner"",BasicAttackTag=(TagName=""FX.Weapon.Blunt.Cleaner.BasicAttack""),SkillTag=(TagName=""FX.Weapon.Blunt.Cleaner.Skill""),BasicAttackHitTag=(TagName=""FX.Weapon.Blunt.Cleaner.BasicAttackHit""),SkillHitTag=(TagName=""FX.Weapon.Blunt.Cleaner.SkillHit""))",/Game/External_Assets/Weapon/Blunt/Blunt_Cleaner/SKM_Blunt_Cleaner.SKM_Blunt_Cleaner,Socket_Weapon_R,/Game/External_Assets/UI/Icon/Icon_Equip/Icon_Blunt_Cleaner.Icon_Blunt_Cleaner
Blunt_DefaultBlunt,None,None,"(TagName=""Item.Type.Weapon.Melee.Blunt"")",Melee,"(AbilityClass=""/Script/Engine.BlueprintGeneratedClass'/Game/GAS/Abilities/GA_AreaBasicAttack.GA_AreaBasicAttack_C'"",EffectClass=""/Script/Engine.BlueprintGeneratedClass'/Game/GAS/Effects/GE_Damage_BasicAttack.GE_Damage_BasicAttack_C'"",ProjectileClass=None)","(AbilityClass=""/Script/Engine.BlueprintGeneratedClass'/Game/GAS/Abilities/GA_AreaSkill.GA_AreaSkill_C'"",EffectClass=""/Script/Engine.BlueprintGeneratedClass'/Game/GAS/Effects/GE_Damage_Skill.GE_Damage_Skill_C'"",ProjectileClass=None)","(FXData=""/Game/Data/Assets/WeaponFXAssets/DA_WeaponFX_Blunt_DefaultBlunt.DA_WeaponFX_Blunt_DefaultBlunt"",BasicAttackTag=(TagName=""FX.Weapon.Blunt.DefaultBlunt.BasicAttack""),SkillTag=(TagName=""FX.Weapon.Blunt.DefaultBlunt.Skill""),BasicAttackHitTag=(TagName=""FX.Weapon.Blunt.DefaultBlunt.BasicAttackHit""),SkillHitTag=(TagName=""FX.Weapon.Blunt.DefaultBlunt.SkillHit""))",/Game/External_Assets/Weapon/Blunt/Blunt_DefaultBlunt/SKM_Blunt_DefaultBlunt.SKM_Blunt_DefaultBlunt,Socket_Weapon_R,/Game/External_Assets/UI/Icon/Icon_Equip/Icon_Default_Blunt.Icon_Default_Blunt
Blunt_DevilBat,None,None,"(TagName=""Item.Type.Weapon.Melee.Blunt"")",Melee,"(AbilityClass=""/Script/Engine.BlueprintGeneratedClass'/Game/GAS/Abilities/GA_AreaBasicAttack.GA_AreaBasicAttack_C'"",EffectClass=""/Script/Engine.BlueprintGeneratedClass'/Game/GAS/Effects/GE_Damage_BasicAttack.GE_Damage_BasicAttack_C'"",ProjectileClass=None)","(AbilityClass=""/Script/Engine.BlueprintGeneratedClass'/Game/GAS/Abilities/GA_AreaSkill.GA_AreaSkill_C'"",EffectClass=""/Script/Engine.BlueprintGeneratedClass'/Game/GAS/Effects/GE_Damage_Skill.GE_Damage_Skill_C'"",ProjectileClass=None)","(FXData=""/Game/Data/Assets/WeaponFXAssets/DA_WeaponFX_Blunt_DevilBat.DA_WeaponFX_Blunt_DevilBat"",BasicAttackTag=(TagName=""FX.Weapon.Blunt.DevilBat.BasicAttack""),SkillTag=(TagName=""FX.Weapon.Blunt.DevilBat.Skill""),BasicAttackHitTag=(TagName=""FX.Weapon.Blunt.DevilBat.BasicAttackHit""),SkillHitTag=(TagName=""FX.Weapon.Blunt.DevilBat.SkillHit""))",/Game/External_Assets/Weapon/Blunt/Blunt_Devilbat/SKM_Blunt_Devilbat.SKM_Blunt_Devilbat,Socket_Weapon_R,/Game/External_Assets/UI/Icon/Icon_Equip/Icon_Blunt_DevilBat.Icon_Blunt_DevilBat
Blunt_Event_01,None,None,"(TagName=""Item.Type.Weapon.Melee.Blunt"")",Melee,"(AbilityClass=""/Script/Engine.BlueprintGeneratedClass'/Game/GAS/Abilities/GA_AreaBasicAttack.GA_AreaBasicAttack_C'"",EffectClass=""/Script/Engine.BlueprintGeneratedClass'/Game/GAS/Effects/GE_Damage_BasicAttack.GE_Damage_BasicAttack_C'"",ProjectileClass=None)","(AbilityClass=""/Script/Engine.BlueprintGeneratedClass'/Game/GAS/Abilities/GA_AreaSkill.GA_AreaSkill_C'"",EffectClass=""/Script/Engine.BlueprintGeneratedClass'/Game/GAS/Effects/GE_Damage_Skill.GE_Damage_Skill_C'"",ProjectileClass=None)","(FXData=""/Game/Data/Assets/WeaponFXAssets/DA_WeaponFX_Blunt_Event_01.DA_WeaponFX_Blunt_Event_01"",BasicAttackTag=(TagName=""FX.Weapon.Blunt.Event_01.BasicAttack""),SkillTag=(TagName=""FX.Weapon.Blunt.Event_01.Skill""),BasicAttackHitTag=(TagName=""FX.Weapon.Blunt.Event_01.BasicAttackHit""),SkillHitTag=(TagName=""FX.Weapon.Blunt.Event_01.SkillHit""))",/Game/External_Assets/Weapon/Blunt/Blunt_Event_01/SKM_Blunt_Event_01.SKM_Blunt_Event_01,Socket_Weapon_R,/Game/External_Assets/UI/Icon/Icon_Equip/Icon_Blunt_Event_01.Icon_Blunt_Event_01
Blunt_Merry,None,None,"(TagName=""Item.Type.Weapon.Melee.Blunt"")",Melee,"(AbilityClass=""/Script/Engine.BlueprintGeneratedClass'/Game/GAS/Abilities/GA_AreaBasicAttack.GA_AreaBasicAttack_C'"",EffectClass=""/Script/Engine.BlueprintGeneratedClass'/Game/GAS/Effects/GE_Damage_BasicAttack.GE_Damage_BasicAttack_C'"",ProjectileClass=None)","(AbilityClass=""/Script/Engine.BlueprintGeneratedClass'/Game/GAS/Abilities/GA_AreaSkill.GA_AreaSkill_C'"",EffectClass=""/Script/Engine.BlueprintGeneratedClass'/Game/GAS/Effects/GE_Damage_Skill.GE_Damage_Skill_C'"",ProjectileClass=None)","(FXData=""/Game/Data/Assets/WeaponFXAssets/DA_WeaponFX_Blunt_Merry.DA_WeaponFX_Blunt_Merry"",BasicAttackTag=(TagName=""FX.Weapon.Blunt.Merry.BasicAttack""),SkillTag=(TagName=""FX.Weapon.Blunt.Merry.Skill""),BasicAttackHitTag=(TagName=""FX.Weapon.Blunt.Merry.BasicAttackHit""),SkillHitTag=(TagName=""FX.Weapon.Blunt.Merry.SkillHit""))",/Game/External_Assets/ScaledWeaponMesh/Blunt/Merry/SKM_Blunt_Merry.SKM_Blunt_Merry,Socket_Weapon_R,/Game/External_Assets/UI/Icon/Icon_Equip/Icon_Blunt_Merry.Icon_Blunt_Merry
Blunt_Noble,None,None,"(TagName=""Item.Type.Weapon.Melee.Blunt"")",Melee,"(AbilityClass=""/Script/Engine.BlueprintGeneratedClass'/Game/GAS/Abilities/GA_AreaBasicAttack.GA_AreaBasicAttack_C'"",EffectClass=""/Script/Engine.BlueprintGeneratedClass'/Game/GAS/Effects/GE_Damage_BasicAttack.GE_Damage_BasicAttack_C'"",ProjectileClass=None)","(AbilityClass=""/Script/Engine.BlueprintGeneratedClass'/Game/GAS/Abilities/GA_AreaSkill.GA_AreaSkill_C'"",EffectClass=""/Script/Engine.BlueprintGeneratedClass'/Game/GAS/Effects/GE_Damage_Skill.GE_Damage_Skill_C'"",ProjectileClass=None)","(FXData=""/Game/Data/Assets/WeaponFXAssets/DA_WeaponFX_Blunt_Noble.DA_WeaponFX_Blunt_Noble"",BasicAttackTag=(TagName=""FX.Weapon.Blunt.Noble.BasicAttack""),SkillTag=(TagName=""FX.Weapon.Blunt.Noble.Skill""),BasicAttackHitTag=(TagName=""FX.Weapon.Blunt.Noble.BasicAttackHit""),SkillHitTag=(TagName=""FX.Weapon.Blunt.Noble.SkillHit""))",/Game/External_Assets/ScaledWeaponMesh/Blunt/Noble/SKM_Blunt_Nobel_Scaled.SKM_Blunt_Nobel_Scaled,Socket_Weapon_R,/Game/External_Assets/UI/Icon/Icon_Equip/Icon_Blunt_Nobel.Icon_Blunt_Nobel
Blunt_Nurse,None,None,"(TagName=""Item.Type.Weapon.Melee.Blunt"")",Melee,"(AbilityClass=""/Script/Engine.BlueprintGeneratedClass'/Game/GAS/Abilities/GA_AreaBasicAttack.GA_AreaBasicAttack_C'"",EffectClass=""/Script/Engine.BlueprintGeneratedClass'/Game/GAS/Effects/GE_Damage_BasicAttack.GE_Damage_BasicAttack_C'"",ProjectileClass=None)","(AbilityClass=""/Script/Engine.BlueprintGeneratedClass'/Game/GAS/Abilities/GA_AreaSkill.GA_AreaSkill_C'"",EffectClass=""/Script/Engine.BlueprintGeneratedClass'/Game/GAS/Effects/GE_Damage_Skill.GE_Damage_Skill_C'"",ProjectileClass=None)","(FXData=""/Game/Data/Assets/WeaponFXAssets/DA_WeaponFX_Blunt_Nurse.DA_WeaponFX_Blunt_Nurse"",BasicAttackTag=(TagName=""FX.Weapon.Blunt.Nurse.BasicAttack""),SkillTag=(TagName=""FX.Weapon.Blunt.Nurse.Skill""),BasicAttackHitTag=(TagName=""FX.Weapon.Blunt.Nurse.BasicAttackHit""),SkillHitTag=(TagName=""FX.Weapon.Blunt.Nurse.SkillHit""))",/Game/External_Assets/Weapon/Blunt/Blunt_Nurse/SKM_Blunt_Nurse.SKM_Blunt_Nurse,Socket_Weapon_R,/Game/External_Assets/UI/Icon/Icon_Equip/Icon_Blunt_Nurse.Icon_Blunt_Nurse
Blunt_Outsider,None,None,"(TagName=""Item.Type.Weapon.Melee.Blunt"")",Melee,"(AbilityClass=""/Script/Engine.BlueprintGeneratedClass'/Game/GAS/Abilities/GA_AreaBasicAttack.GA_AreaBasicAttack_C'"",EffectClass=""/Script/Engine.BlueprintGeneratedClass'/Game/GAS/Effects/GE_Damage_BasicAttack.GE_Damage_BasicAttack_C'"",ProjectileClass=None)","(AbilityClass=""/Script/Engine.BlueprintGeneratedClass'/Game/GAS/Abilities/GA_AreaSkill.GA_AreaSkill_C'"",EffectClass=""/Script/Engine.BlueprintGeneratedClass'/Game/GAS/Effects/GE_Damage_Skill.GE_Damage_Skill_C'"",ProjectileClass=None)","(FXData=""/Game/Data/Assets/WeaponFXAssets/DA_WeaponFX_Blunt_Outsider.DA_WeaponFX_Blunt_Outsider"",BasicAttackTag=(TagName=""FX.Weapon.Blunt.Outsider.BasicAttack""),SkillTag=(TagName=""FX.Weapon.Blunt.Outsider.Skill""),BasicAttackHitTag=(TagName=""FX.Weapon.Blunt.Outsider.BasicAttackHit""),SkillHitTag=(TagName=""FX.Weapon.Blunt.Outsider.SkillHit""))",/Game/External_Assets/Weapon/Blunt/Blunt_Outsider/SKM_Blunt_Outsider.SKM_Blunt_Outsider,Socket_Weapon_R,/Game/External_Assets/UI/Icon/Icon_Equip/Icon_Blunt_Outsider.Icon_Blunt_Outsider
Blunt_TreasureChest,None,None,"(TagName=""Item.Type.Weapon.Melee.Blunt"")",Melee,"(AbilityClass=""/Script/Engine.BlueprintGeneratedClass'/Game/GAS/Abilities/GA_AreaBasicAttack.GA_AreaBasicAttack_C'"",EffectClass=""/Script/Engine.BlueprintGeneratedClass'/Game/GAS/Effects/GE_Damage_BasicAttack.GE_Damage_BasicAttack_C'"",ProjectileClass=None)","(AbilityClass=""/Script/Engine.BlueprintGeneratedClass'/Game/GAS/Abilities/GA_AreaSkill.GA_AreaSkill_C'"",EffectClass=""/Script/Engine.BlueprintGeneratedClass'/Game/GAS/Effects/GE_Damage_Skill.GE_Damage_Skill_C'"",ProjectileClass=None)","(FXData=""/Game/Data/Assets/WeaponFXAssets/DA_WeaponFX_Blunt_TreasureChest.DA_WeaponFX_Blunt_TreasureChest"",BasicAttackTag=(TagName=""FX.Weapon.Blunt.TreasureChest.BasicAttack""),SkillTag=(TagName=""FX.Weapon.Blunt.TreasureChest.Skill""),BasicAttackHitTag=(TagName=""FX.Weapon.Blunt.TreasureChest.BasicAttackHit""),SkillHitTag=(TagName=""FX.Weapon.Blunt.TreasureChest.SkillHit""))",/Game/External_Assets/Weapon/Blunt/Blunt_TreasureChest/SKM_Blunt_TreasureChest.SKM_Blunt_TreasureChest,Socket_Weapon_R,/Game/External_Assets/UI/Icon/Icon_Equip/Icon_Blunt_TreasureChest.Icon_Blunt_TreasureChest
Blunt_Tuner,None,None,"(TagName=""Item.Type.Weapon.Melee.Blunt"")",Melee,"(AbilityClass=""/Script/Engine.BlueprintGeneratedClass'/Game/GAS/Abilities/GA_AreaBasicAttack.GA_AreaBasicAttack_C'"",EffectClass=""/Script/Engine.BlueprintGeneratedClass'/Game/GAS/Effects/GE_Damage_BasicAttack.GE_Damage_BasicAttack_C'"",ProjectileClass=None)","(AbilityClass=""/Script/Engine.BlueprintGeneratedClass'/Game/GAS/Abilities/GA_AreaSkill.GA_AreaSkill_C'"",EffectClass=""/Script/Engine.BlueprintGeneratedClass'/Game/GAS/Effects/GE_Damage_Skill.GE_Damage_Skill_C'"",ProjectileClass=None)","(FXData=""/Game/Data/Assets/WeaponFXAssets/DA_WeaponFX_Blunt_Tuner.DA_WeaponFX_Blunt_Tuner"",BasicAttackTag=(TagName=""FX.Weapon.Blunt.Tuner.BasicAttack""),SkillTag=(TagName=""FX.Weapon.Blunt.Tuner.Skill""),BasicAttackHitTag=(TagName=""FX.Weapon.Blunt.Tuner.BasicAttackHit""),SkillHitTag=(TagName=""FX.Weapon.Blunt.Tuner.SkillHit""))",/Game/External_Assets/Weapon/Blunt/Blunt_Tuner/SKM_Blunt_Tuner.SKM_Blunt_Tuner,Socket_Weapon_R,/Game/External_Assets/UI/Icon/Icon_Equip/Icon_Blunt_Tuner.Icon_Blunt_Tuner
Blunt_Wrench,None,None,"(TagName=""Item.Type.Weapon.Melee.Blunt"")",Melee,"(AbilityClass=""/Script/Engine.BlueprintGeneratedClass'/Game/GAS/Abilities/GA_AreaBasicAttack.GA_AreaBasicAttack_C'"",EffectClass=""/Script/Engine.BlueprintGeneratedClass'/Game/GAS/Effects/GE_Damage_BasicAttack.GE_Damage_BasicAttack_C'"",ProjectileClass=None)","(AbilityClass=""/Script/Engine.BlueprintGeneratedClass'/Game/GAS/Abilities/GA_AreaSkill.GA_AreaSkill_C'"",EffectClass=""/Script/Engine.BlueprintGeneratedClass'/Game/GAS/Effects/GE_Damage_Skill.GE_Damage_Skill_C'"",ProjectileClass=None)","(FXData=""/Game/Data/Assets/WeaponFXAssets/DA_WeaponFX_Blunt_Wrench.DA_WeaponFX_Blunt_Wrench"",BasicAttackTag=(TagName=""FX.Weapon.Blunt.Wrench.BasicAttack""),SkillTag=(TagName=""FX.Weapon.Blunt.Wrench.Skill""),BasicAttackHitTag=(TagName=""FX.Weapon.Blunt.Wrench.BasicAttackHit""),SkillHitTag=(TagName=""FX.Weapon.Blunt.Wrench.SkillHit""))",/Game/External_Assets/Weapon/Blunt/Blunt_Wrench/SKM_Blunt_Wrench.SKM_Blunt_Wrench,Socket_Weapon_R,/Game/External_Assets/UI/Icon/Icon_Equip/Icon_Blunt_Wrench.Icon_Blunt_Wrench
Book_BookOfRed,None,None,"(TagName=""Item.Type.Weapon.Range.Book"")",Magic,"(AbilityClass=""/Script/Engine.BlueprintGeneratedClass'/Game/GAS/Abilities/GA_ProjectileBasicAttack.GA_ProjectileBasicAttack_C'"",EffectClass=""/Script/Engine.BlueprintGeneratedClass'/Game/GAS/Effects/GE_Damage_BasicAttack.GE_Damage_BasicAttack_C'"",ProjectileClass=None)","(AbilityClass=""/Script/Engine.BlueprintGeneratedClass'/Game/GAS/Abilities/GA_ProjectileSkill.GA_ProjectileSkill_C'"",EffectClass=""/Script/Engine.BlueprintGeneratedClass'/Game/GAS/Effects/GE_Damage_Skill.GE_Damage_Skill_C'"",ProjectileClass=None)","(FXData=""/Game/Data/Assets/WeaponFXAssets/DA_WeaponFX_Book_BookOfRed.DA_WeaponFX_Book_BookOfRed"",BasicAttackTag=(TagName=""FX.Weapon.Book.BookOfRed.BasicAttack""),SkillTag=(TagName=""FX.Weapon.Book.BookOfRed.Skill""),BasicAttackHitTag=(TagName=""FX.Weapon.Book.BookOfRed.BasicAttackHit""),SkillHitTag=(TagName=""FX.Weapon.Book.BookOfRed.SkillHit""))",/Game/External_Assets/Weapon/Book/Book_BookOfRedMage/SKM_Book_BookOfRedMage1.SKM_Book_BookOfRedMage1,Socket_Weapon_R,/Game/External_Assets/UI/Icon/Icon_Equip/Icon_Book_12021_BookOfRedMage.Icon_Book_12021_BookOfRedMage
Book_CookingForDummies,None,None,"(TagName=""Item.Type.Weapon.Range.Book"")",Magic,"(AbilityClass=""/Script/Engine.BlueprintGeneratedClass'/Game/GAS/Abilities/GA_ProjectileBasicAttack.GA_ProjectileBasicAttack_C'"",EffectClass=""/Script/Engine.BlueprintGeneratedClass'/Game/GAS/Effects/GE_Damage_BasicAttack.GE_Damage_BasicAttack_C'"",ProjectileClass=None)","(AbilityClass=""/Script/Engine.BlueprintGeneratedClass'/Game/GAS/Abilities/GA_ProjectileSkill.GA_ProjectileSkill_C'"",EffectClass=""/Script/Engine.BlueprintGeneratedClass'/Game/GAS/Effects/GE_Damage_Skill.GE_Damage_Skill_C'"",ProjectileClass=None)","(FXData=""/Game/Data/Assets/WeaponFXAssets/DA_WeaponFX_Book_CookingForDummie.DA_WeaponFX_Book_CookingForDummie"",BasicAttackTag=(TagName=""""),SkillTag=(TagName=""""),BasicAttackHitTag=(TagName=""""),SkillHitTag=(TagName=""""))",/Game/External_Assets/Weapon/Book/Book_CookingForDummies/SKM_Book_CookingForDummies.SKM_Book_CookingForDummies,Socket_Weapon_R,/Game/External_Assets/UI/Icon/Icon_Equip/Icon_Book_12041_CookingForDummies.Icon_Book_12041_CookingForDummies
Book_DeckCase,None,None,"(TagName=""Item.Type.Weapon.Range.Book"")",Magic,"(AbilityClass=""/Script/Engine.BlueprintGeneratedClass'/Game/GAS/Abilities/GA_ProjectileBasicAttack.GA_ProjectileBasicAttack_C'"",EffectClass=""/Script/Engine.BlueprintGeneratedClass'/Game/GAS/Effects/GE_Damage_BasicAttack.GE_Damage_BasicAttack_C'"",ProjectileClass=None)","(AbilityClass=""/Script/Engine.BlueprintGeneratedClass'/Game/GAS/Abilities/GA_ProjectileSkill.GA_ProjectileSkill_C'"",EffectClass=""/Script/Engine.BlueprintGeneratedClass'/Game/GAS/Effects/GE_Damage_Skill.GE_Damage_Skill_C'"",ProjectileClass=None)","(FXData=""/Game/Data/Assets/WeaponFXAssets/DA_WeaponFX_Book_DeckCase.DA_WeaponFX_Book_DeckCase"",BasicAttackTag=(TagName=""FX.Weapon.Book.DeckCase.BasicAttack""),SkillTag=(TagName=""FX.Weapon.Book.DeckCase.Skill""),BasicAttackHitTag=(TagName=""FX.Weapon.Book.DeckCase.BasicAttackHit""),SkillHitTag=(TagName=""FX.Weapon.Book.DeckCase.SkillHit""))",/Game/External_Assets/ScaledWeaponMesh/Book/DeckCase/SKM_Book_DeckCase1.SKM_Book_DeckCase1,Socket_Weapon_R,/Game/External_Assets/UI/Icon/Icon_Equip/Icon_Book_12061_DeckCase.Icon_Book_12061_DeckCase
Book_DefaultBook,None,None,"(TagName=""Item.Type.Weapon.Range.Book"")",Magic,"(AbilityClass=""/Script/Engine.BlueprintGeneratedClass'/Game/GAS/Abilities/GA_ProjectileBasicAttack.GA_ProjectileBasicAttack_C'"",EffectClass=""/Script/Engine.BlueprintGeneratedClass'/Game/GAS/Effects/GE_Damage_BasicAttack.GE_Damage_BasicAttack_C'"",ProjectileClass=None)","(AbilityClass=""/Script/Engine.BlueprintGeneratedClass'/Game/GAS/Abilities/GA_ProjectileSkill.GA_ProjectileSkill_C'"",EffectClass=""/Script/Engine.BlueprintGeneratedClass'/Game/GAS/Effects/GE_Damage_Skill.GE_Damage_Skill_C'"",ProjectileClass=None)","(FXData=""/Game/Data/Assets/WeaponFXAssets/DA_WeaponFX_Book_DefaultBook.DA_WeaponFX_Book_DefaultBook"",BasicAttackTag=(TagName=""FX.Weapon.Book.DefaultBook.BasicAttack""),SkillTag=(TagName=""FX.Weapon.Book.DefaultBook.Skill""),BasicAttackHitTag=(TagName=""FX.Weapon.Book.DefaultBook.BasicAttackHit""),SkillHitTag=(TagName=""FX.Weapon.Book.DefaultBook.SkillHit""))",/Game/External_Assets/Weapon/Book/Book_DefaultBook/SKM_Book_DefaultBook.SKM_Book_DefaultBook,Socket_Weapon_R,/Game/External_Assets/UI/Icon/Icon_Equip/Icon_Book_DefaultBook.Icon_Book_DefaultBook
Book_Dictionary,None,None,"(TagName=""Item.Type.Weapon.Range.Book"")",Magic,"(AbilityClass=""/Script/Engine.BlueprintGeneratedClass'/Game/GAS/Abilities/GA_ProjectileBasicAttack.GA_ProjectileBasicAttack_C'"",EffectClass=""/Script/Engine.BlueprintGeneratedClass'/Game/GAS/Effects/GE_Damage_BasicAttack.GE_Damage_BasicAttack_C'"",ProjectileClass=None)","(AbilityClass=""/Script/Engine.BlueprintGeneratedClass'/Game/GAS/Abilities/GA_ProjectileSkill.GA_ProjectileSkill_C'"",EffectClass=""/Script/Engine.BlueprintGeneratedClass'/Game/GAS/Effects/GE_Damage_Skill.GE_Damage_Skill_C'"",ProjectileClass=None)","(FXData=""/Game/Data/Assets/WeaponFXAssets/DA_WeaponFX_Book_Dictionary.DA_WeaponFX_Book_Dictionary"",BasicAttackTag=(TagName=""FX.Weapon.Book.Dictionary.BasicAttack""),SkillTag=(TagName=""FX.Weapon.Book.Dictionary.Skill""),BasicAttackHitTag=(TagName=""FX.Weapon.Book.Dictionary.BasicAttackHit""),SkillHitTag=(TagName=""FX.Weapon.Book.Dictionary.SkillHit""))",/Game/External_Assets/Weapon/Book/Book_Dictionary/SKM_Book_Dictionary.SKM_Book_Dictionary,Socket_Weapon_R,/Game/External_Assets/UI/Icon/Icon_Equip/Icon_Book_12011_Dictionary.Icon_Book_12011_Dictionary
Book_Event_01,None,None,"(TagName=""Item.Type.Weapon.Range.Book"")",Magic,"(AbilityClass=""/Script/Engine.BlueprintGeneratedClass'/Game/GAS/Abilities/GA_ProjectileBasicAttack.GA_ProjectileBasicAttack_C'"",EffectClass=""/Script/Engine.BlueprintGeneratedClass'/Game/GAS/Effects/GE_Damage_BasicAttack.GE_Damage_BasicAttack_C'"",ProjectileClass=None)","(AbilityClass=""/Script/Engine.BlueprintGeneratedClass'/Game/GAS/Abilities/GA_ProjectileSkill.GA_ProjectileSkill_C'"",EffectClass=""/Script/Engine.BlueprintGeneratedClass'/Game/GAS/Effects/GE_Damage_Skill.GE_Damage_Skill_C'"",ProjectileClass=None)","(FXData=""/Game/Data/Assets/WeaponFXAssets/DA_WeaponFX_Book_Event_01.DA_WeaponFX_Book_Event_01"",BasicAttackTag=(TagName=""FX.Weapon.Book.Event_01.BasicAttack""),SkillTag=(TagName=""FX.Weapon.Book.Event_01.Skill""),BasicAttackHitTag=(TagName=""FX.Weapon.Book.Event_01.BasicAttackHit""),SkillHitTag=(TagName=""FX.Weapon.Book.Event_01.SkillHit""))",/Game/External_Assets/Weapon/Book/Book_Event_01/SKM_Book_Event_01.SKM_Book_Event_01,Socket_Weapon_R,/Game/External_Assets/UI/Icon/Icon_Equip/Icon_Book_Event_01.Icon_Book_Event_01
Book_FlawlessPlaying,None,None,"(TagName=""Item.Type.Weapon.Range.Book"")",Magic,"(AbilityClass=""/Script/Engine.BlueprintGeneratedClass'/Game/GAS/Abilities/GA_ProjectileBasicAttack.GA_ProjectileBasicAttack_C'"",EffectClass=""/Script/Engine.BlueprintGeneratedClass'/Game/GAS/Effects/GE_Damage_BasicAttack.GE_Damage_BasicAttack_C'"",ProjectileClass=None)","(AbilityClass=""/Script/Engine.BlueprintGeneratedClass'/Game/GAS/Abilities/GA_ProjectileSkill.GA_ProjectileSkill_C'"",EffectClass=""/Script/Engine.BlueprintGeneratedClass'/Game/GAS/Effects/GE_Damage_Skill.GE_Damage_Skill_C'"",ProjectileClass=None)","(FXData=""/Game/Data/Assets/WeaponFXAssets/DA_WeaponFX_Book_FlawlessPlaying.DA_WeaponFX_Book_FlawlessPlaying"",BasicAttackTag=(TagName=""FX.Weapon.Book.FlawlessPlaying.BasicAttack""),SkillTag=(TagName=""FX.Weapon.Book.FlawlessPlaying.Skill""),BasicAttackHitTag=(TagName=""FX.Weapon.Book.FlawlessPlaying.BasicAttackHit""),SkillHitTag=(TagName=""FX.Weapon.Book.FlawlessPlaying.SkillHit""))",/Game/External_Assets/Weapon/Book/Book_FlawlessPlaying/SKM_Book_FlawlessPlaying1.SKM_Book_FlawlessPlaying1,Socket_Weapon_R,/Game/External_Assets/UI/Icon/Icon_Equip/Icon_Book_FlawlessPlaying.Icon_Book_FlawlessPlaying
Book_HologramHud,None,None,"(TagName=""Item.Type.Weapon.Range.Book"")",Magic,"(AbilityClass=""/Script/Engine.BlueprintGeneratedClass'/Game/GAS/Abilities/GA_ProjectileBasicAttack.GA_ProjectileBasicAttack_C'"",EffectClass=""/Script/Engine.BlueprintGeneratedClass'/Game/GAS/Effects/GE_Damage_BasicAttack.GE_Damage_BasicAttack_C'"",ProjectileClass=None)","(AbilityClass=""/Script/Engine.BlueprintGeneratedClass'/Game/GAS/Abilities/GA_ProjectileSkill.GA_ProjectileSkill_C'"",EffectClass=""/Script/Engine.BlueprintGeneratedClass'/Game/GAS/Effects/GE_Damage_Skill.GE_Damage_Skill_C'"",ProjectileClass=None)","(FXData=""/Game/Data/Assets/WeaponFXAssets/DA_WeaponFX_Book_HologramHud.DA_WeaponFX_Book_HologramHud"",BasicAttackTag=(TagName=""FX.Weapon.Book.HologramHud.BasicAttack""),SkillTag=(TagName=""FX.Weapon.Book.HologramHud.Skill""),BasicAttackHitTag=(TagName=""FX.Weapon.Book.HologramHud.BasicAttackHit""),SkillHitTag=(TagName=""FX.Weapon.Book.HologramHud.SkillHit""))",/Game/External_Assets/Weapon/Book/Book_HologramHud/SKM_Book_HologramHud1.SKM_Book_HologramHud1,Socket_Weapon_R,/Game/External_Assets/UI/Icon/Icon_Equip/Icon_Book_Courier.Icon_Book_Courier
Book_MementoMori,None,None,"(TagName=""Item.Type.Weapon.Range.Book"")",Magic,"(AbilityClass=""/Script/Engine.BlueprintGeneratedClass'/Game/GAS/Abilities/GA_ProjectileBasicAttack.GA_ProjectileBasicAttack_C'"",EffectClass=""/Script/Engine.BlueprintGeneratedClass'/Game/GAS/Effects/GE_Damage_BasicAttack.GE_Damage_BasicAttack_C'"",ProjectileClass=None)","(AbilityClass=""/Script/Engine.BlueprintGeneratedClass'/Game/GAS/Abilities/GA_ProjectileSkill.GA_ProjectileSkill_C'"",EffectClass=""/Script/Engine.BlueprintGeneratedClass'/Game/GAS/Effects/GE_Damage_Skill.GE_Damage_Skill_C'"",ProjectileClass=None)","(FXData=""/Game/Data/Assets/WeaponFXAssets/DA_WeaponFX_Book_MementoMori.DA_WeaponFX_Book_MementoMori"",BasicAttackTag=(TagName=""FX.Weapon.Book.MementoMori.BasicAttack""),SkillTag=(TagName=""FX.Weapon.Book.MementoMori.Skill""),BasicAttackHitTag=(TagName=""FX.Weapon.Book.MementoMori.BasicAttackHit""),SkillHitTag=(TagName=""FX.Weapon.Book.MementoMori.SkillHit""))",/Game/External_Assets/Weapon/Book/Book_Mementomori/SKM_Book_MementoMori1.SKM_Book_MementoMori1,Socket_Weapon_R,/Game/External_Assets/UI/Icon/Icon_Equip/Icon_Book_Hermit.Icon_Book_Hermit
Book_PerfectHarmony,None,None,"(TagName=""Item.Type.Weapon.Range.Book"")",Magic,"(AbilityClass=""/Script/Engine.BlueprintGeneratedClass'/Game/GAS/Abilities/GA_ProjectileBasicAttack.GA_ProjectileBasicAttack_C'"",EffectClass=""/Script/Engine.BlueprintGeneratedClass'/Game/GAS/Effects/GE_Damage_BasicAttack.GE_Damage_BasicAttack_C'"",ProjectileClass=None)","(AbilityClass=""/Script/Engine.BlueprintGeneratedClass'/Game/GAS/Abilities/GA_ProjectileSkill.GA_ProjectileSkill_C'"",EffectClass=""/Script/Engine.BlueprintGeneratedClass'/Game/GAS/Effects/GE_Damage_Skill.GE_Damage_Skill_C'"",ProjectileClass=None)","(FXData=""/Game/Data/Assets/WeaponFXAssets/DA_WeaponFX_Book_PerfectHarmony.DA_WeaponFX_Book_PerfectHarmony"",BasicAttackTag=(TagName=""FX.Weapon.Book.PerfectHarmony.BasicAttack""),SkillTag=(TagName=""FX.Weapon.Book.PerfectHarmony.Skill""),BasicAttackHitTag=(TagName=""FX.Weapon.Book.PerfectHarmony.BasicAttackHit""),SkillHitTag=(TagName=""FX.Weapon.Book.PerfectHarmony.SkillHit""))",/Game/External_Assets/Weapon/Book/Book_PerfectHarmony/SKM_Book_PerfectHarmony.SKM_Book_PerfectHarmony,Socket_Weapon_R,/Game/External_Assets/UI/Icon/Icon_Equip/Icon_Book_PerfectHarmony.Icon_Book_PerfectHarmony
Gun_BlackBeard,None,None,"(TagName=""Item.Type.Weapon.Range.Gun"")",Gun,"(AbilityClass=""/Script/Engine.BlueprintGeneratedClass'/Game/GAS/Abilities/GA_ProjectileBasicAttack.GA_ProjectileBasicAttack_C'"",EffectClass=""/Script/Engine.BlueprintGeneratedClass'/Game/GAS/Effects/GE_Damage_BasicAttack.GE_Damage_BasicAttack_C'"",ProjectileClass=None)","(AbilityClass=""/Script/Engine.BlueprintGeneratedClass'/Game/GAS/Abilities/GA_ProjectileSkill.GA_ProjectileSkill_C'"",EffectClass=""/Script/Engine.BlueprintGeneratedClass'/Game/GAS/Effects/GE_Damage_Skill.GE_Damage_Skill_C'"",ProjectileClass=None)","(FXData=""/Game/Data/Assets/WeaponFXAssets/DA_WeaponFX_Gun_BlackBeard.DA_WeaponFX_Gun_BlackBeard"",BasicAttackTag=(TagName=""FX.Weapon.Gun.BlackBeard.BasicAttack""),SkillTag=(TagName=""FX.Weapon.Gun.BlackBeard.Skill""),BasicAttackHitTag=(TagName=""FX.Weapon.Gun.BlackBeard.BasicAttackHit""),SkillHitTag=(TagName=""FX.Weapon.Gun.BlackBeard.SkillHit""))",/Game/External_Assets/ScaledWeaponMesh/Gun/BlackBeard/SKM_Gun_Blackbeard_Scaled.SKM_Gun_Blackbeard_Scaled,Socket_Weapon_R,/Game/External_Assets/UI/Icon/Icon_Equip/Icon_Gun_13041_BlackBeard.Icon_Gun_13041_BlackBeard
Gun_BlackNose,None,None,"(TagName=""Item.Type.Weapon.Range.Gun"")",Gun,"(AbilityClass=""/Script/Engine.BlueprintGeneratedClass'/Game/GAS/Abilities/GA_ProjectileBasicAttack.GA_ProjectileBasicAttack_C'"",EffectClass=""/Script/Engine.BlueprintGeneratedClass'/Game/GAS/Effects/GE_Damage_BasicAttack.GE_Damage_BasicAttack_C'"",ProjectileClass=""/Script/Engine.BlueprintGeneratedClass'/Game/Blueprints/Object/Projectile/BP_Bullet.BP_Bullet_C'"")","(AbilityClass=""/Script/Engine.BlueprintGeneratedClass'/Game/GAS/Abilities/GA_ProjectileSkill.GA_ProjectileSkill_C'"",EffectClass=""/Script/Engine.BlueprintGeneratedClass'/Game/GAS/Effects/GE_Damage_Skill.GE_Damage_Skill_C'"",ProjectileClass=""/Script/Engine.BlueprintGeneratedClass'/Game/Blueprints/Object/Projectile/BP_Bullet.BP_Bullet_C'"")","(FXData=""/Game/Data/Assets/WeaponFXAssets/DA_WeaponFX_Gun_BlackNose.DA_WeaponFX_Gun_BlackNose"",BasicAttackTag=(TagName=""FX.Weapon.Gun.BlackNose.BasicAttack""),SkillTag=(TagName=""FX.Weapon.Gun.BlackNose.Skill""),BasicAttackHitTag=(TagName=""FX.Weapon.Gun.BlackNose.BasicAttackHit""),SkillHitTag=(TagName=""FX.Weapon.Gun.BlackNose.SkillHit""))",/Game/External_Assets/Weapon/Gun/Gun_BlackNose/SKM_Gun_BlackNose.SKM_Gun_BlackNose,Socket_Weapon_R,/Game/External_Assets/UI/Icon/Icon_Equip/Icon_Gun_BlackNose.Icon_Gun_BlackNose
Gun_Demonia,None,None,"(TagName=""Item.Type.Weapon.Range.Gun"")",Gun,"(AbilityClass=""/Script/Engine.BlueprintGeneratedClass'/Game/GAS/Abilities/GA_ProjectileBasicAttack.GA_ProjectileBasicAttack_C'"",EffectClass=""/Script/Engine.BlueprintGeneratedClass'/Game/GAS/Effects/GE_Damage_BasicAttack.GE_Damage_BasicAttack_C'"",ProjectileClass=None)","(AbilityClass=""/Script/Engine.BlueprintGeneratedClass'/Game/GAS/Abilities/GA_ProjectileSkill.GA_ProjectileSkill_C'"",EffectClass=""/Script/Engine.BlueprintGeneratedClass'/Game/GAS/Effects/GE_Damage_Skill.GE_Damage_Skill_C'"",ProjectileClass=None)","(FXData=""/Game/Data/Assets/WeaponFXAssets/DA_WeaponFX_Gun_Demonia.DA_WeaponFX_Gun_Demonia"",BasicAttackTag=(TagName=""FX.Weapon.Gun.Demonia.BasicAttack""),SkillTag=(TagName=""FX.Weapon.Gun.Demonia.Skill""),BasicAttackHitTag=(TagName=""FX.Weapon.Gun.Demonia.BasicAttackHit""),SkillHitTag=(TagName=""FX.Weapon.Gun.Demonia.SkillHit""))",/Game/External_Assets/ScaledWeaponMesh/Gun/Demonia/SKM_Gun_Demonia.SKM_Gun_Demonia,Socket_Weapon_R,/Game/External_Assets/UI/Icon/Icon_Equip/Icon_Gun_Demonia.Icon_Gun_Demonia
Gun_Event_01,None,None,"(TagName=""Item.Type.Weapon.Range.Gun"")",Gun,"(AbilityClass=""/Script/Engine.BlueprintGeneratedClass'/Game/GAS/Abilities/GA_ProjectileBasicAttack.GA_ProjectileBasicAttack_C'"",EffectClass=""/Script/Engine.BlueprintGeneratedClass'/Game/GAS/Effects/GE_Damage_BasicAttack.GE_Damage_BasicAttack_C'"",ProjectileClass=None)","(AbilityClass=""/Script/Engine.BlueprintGeneratedClass'/Game/GAS/Abilities/GA_ProjectileSkill.GA_ProjectileSkill_C'"",EffectClass=""/Script/Engine.BlueprintGeneratedClass'/Game/GAS/Effects/GE_Damage_Skill.GE_Damage_Skill_C'"",ProjectileClass=None)","(FXData=""/Game/Data/Assets/WeaponFXAssets/DA_WeaponFX_Gun_Event_01.DA_WeaponFX_Gun_Event_01"",BasicAttackTag=(TagName=""FX.Weapon.Gun.Event_01.BasicAttack""),SkillTag=(TagName=""FX.Weapon.Gun.Event_01.Skill""),BasicAttackHitTag=(TagName=""FX.Weapon.Gun.Event_01.BasicAttackHit""),SkillHitTag=(TagName=""FX.Weapon.Gun.Event_01.SkillHit""))",/Game/External_Assets/ScaledWeaponMesh/Gun/Event_01/SKM_Gun_Event_01.SKM_Gun_Event_01,Socket_Weapon_R,/Game/External_Assets/UI/Icon/Icon_Equip/Icon_Gun_Event_01.Icon_Gun_Event_01
Gun_LovelyCoil,None,None,"(TagName=""Item.Type.Weapon.Range.Gun"")",Gun,"(AbilityClass=""/Script/Engine.BlueprintGeneratedClass'/Game/GAS/Abilities/GA_ProjectileBasicAttack.GA_ProjectileBasicAttack_C'"",EffectClass=""/Script/Engine.BlueprintGeneratedClass'/Game/GAS/Effects/GE_Damage_BasicAttack.GE_Damage_BasicAttack_C'"",ProjectileClass=None)","(AbilityClass=""/Script/Engine.BlueprintGeneratedClass'/Game/GAS/Abilities/GA_ProjectileSkill.GA_ProjectileSkill_C'"",EffectClass=""/Script/Engine.BlueprintGeneratedClass'/Game/GAS/Effects/GE_Damage_Skill.GE_Damage_Skill_C'"",ProjectileClass=None)","(FXData=""/Game/Data/Assets/WeaponFXAssets/DA_WeaponFX_Gun_LovelyCoil.DA_WeaponFX_Gun_LovelyCoil"",BasicAttackTag=(TagName=""FX.Weapon.Gun.LovelyCoil.BasicAttack""),SkillTag=(TagName=""FX.Weapon.Gun.LovelyCoil.Skill""),BasicAttackHitTag=(TagName=""FX.Weapon.Gun.LovelyCoil.BasicAttackHit""),SkillHitTag=(TagName=""FX.Weapon.Gun.LovelyCoil.SkillHit""))",/Game/External_Assets/ScaledWeaponMesh/Gun/Lovelycoil/SKM_Gun_Lovelycoil_Scaled.SKM_Gun_Lovelycoil_Scaled,Socket_Weapon_R,/Game/External_Assets/UI/Icon/Icon_Equip/Icon_Gun_13051_LovelyCoil.Icon_Gun_13051_LovelyCoil
Gun_Mustang,None,None,"(TagName=""Item.Type.Weapon.Range.Gun"")",Gun,"(AbilityClass=""/Script/Engine.BlueprintGeneratedClass'/Game/GAS/Abilities/GA_ProjectileBasicAttack.GA_ProjectileBasicAttack_C'"",EffectClass=""/Script/Engine.BlueprintGeneratedClass'/Game/GAS/Effects/GE_Damage_BasicAttack.GE_Damage_BasicAttack_C'"",ProjectileClass=None)","(AbilityClass=""/Script/Engine.BlueprintGeneratedClass'/Game/GAS/Abilities/GA_ProjectileSkill.GA_ProjectileSkill_C'"",EffectClass=""/Script/Engine.BlueprintGeneratedClass'/Game/GAS/Effects/GE_Damage_Skill.GE_Damage_Skill_C'"",ProjectileClass=None)","(FXData=""/Game/Data/Assets/WeaponFXAssets/DA_WeaponFX_Gun_Mustang.DA_WeaponFX_Gun_Mustang"",BasicAttackTag=(TagName=""FX.Weapon.Gun.Mustang.BasicAttack""),SkillTag=(TagName=""FX.Weapon.Gun.Mustang.Skill""),BasicAttackHitTag=(TagName=""FX.Weapon.Gun.Mustang.BasicAttackHit""),SkillHitTag=(TagName=""FX.Weapon.Gun.Mustang.SkillHit""))",/Game/External_Assets/ScaledWeaponMesh/Gun/Mustang/SKM_Gun_Mustang_Scaled.SKM_Gun_Mustang_Scaled,Socket_Weapon_R,/Game/External_Assets/UI/Icon/Icon_Equip/Icon_Gun_13061_Mustang.Icon_Gun_13061_Mustang
Gun_Nail_Gun,None,None,"(TagName=""Item.Type.Weapon.Range.Gun"")",Gun,"(AbilityClass=""/Script/Engine.BlueprintGeneratedClass'/Game/GAS/Abilities/GA_ProjectileBasicAttack.GA_ProjectileBasicAttack_C'"",EffectClass=""/Script/Engine.BlueprintGeneratedClass'/Game/GAS/Effects/GE_Damage_BasicAttack.GE_Damage_BasicAttack_C'"",ProjectileClass=None)","(AbilityClass=""/Script/Engine.BlueprintGeneratedClass'/Game/GAS/Abilities/GA_ProjectileSkill.GA_ProjectileSkill_C'"",EffectClass=""/Script/Engine.BlueprintGeneratedClass'/Game/GAS/Effects/GE_Damage_Skill.GE_Damage_Skill_C'"",ProjectileClass=None)","(FXData=""/Game/Data/Assets/WeaponFXAssets/DA_WeaponFX_Gun_Nail_Gun.DA_WeaponFX_Gun_Nail_Gun"",BasicAttackTag=(TagName=""""),SkillTag=(TagName=""""),BasicAttackHitTag=(TagName=""""),SkillHitTag=(TagName=""""))",/Game/External_Assets/ScaledWeaponMesh/Gun/DefaultGun/SKM_Gun_DefaultGun.SKM_Gun_DefaultGun,Socket_Weapon_R,/Game/External_Assets/UI/Icon/Icon_Equip/Icon_Gun_NailGun.Icon_Gun_NailGun
Gun_PayBack,None,None,"(TagName=""Item.Type.Weapon.Range.Gun"")",Gun,"(AbilityClass=""/Script/Engine.BlueprintGeneratedClass'/Game/GAS/Abilities/GA_ProjectileBasicAttack.GA_ProjectileBasicAttack_C'"",EffectClass=""/Script/Engine.BlueprintGeneratedClass'/Game/GAS/Effects/GE_Damage_BasicAttack.GE_Damage_BasicAttack_C'"",ProjectileClass=None)","(AbilityClass=""/Script/Engine.BlueprintGeneratedClass'/Game/GAS/Abilities/GA_ProjectileSkill.GA_ProjectileSkill_C'"",EffectClass=""/Script/Engine.BlueprintGeneratedClass'/Game/GAS/Effects/GE_Damage_Skill.GE_Damage_Skill_C'"",ProjectileClass=None)","(FXData=""/Game/Data/Assets/WeaponFXAssets/DA_WeaponFX_Gun_PayBack.DA_WeaponFX_Gun_PayBack"",BasicAttackTag=(TagName=""FX.Weapon.Gun.PayBack.BasicAttack""),SkillTag=(TagName=""FX.Weapon.Gun.PayBack.Skill""),BasicAttackHitTag=(TagName=""FX.Weapon.Gun.PayBack.BasicAttackHit""),SkillHitTag=(TagName=""FX.Weapon.Gun.PayBack.SkillHit""))",/Game/External_Assets/ScaledWeaponMesh/Gun/Payback/SKM_Gun_Payback_Scaled.SKM_Gun_Payback_Scaled,Socket_Weapon_R,/Game/External_Assets/UI/Icon/Icon_Equip/Icon_Gun_13011_PayBack.Icon_Gun_13011_PayBack
Gun_Smithers,None,None,"(TagName=""Item.Type.Weapon.Range.Gun"")",Gun,"(AbilityClass=""/Script/Engine.BlueprintGeneratedClass'/Game/GAS/Abilities/GA_ProjectileBasicAttack.GA_ProjectileBasicAttack_C'"",EffectClass=""/Script/Engine.BlueprintGeneratedClass'/Game/GAS/Effects/GE_Damage_BasicAttack.GE_Damage_BasicAttack_C'"",ProjectileClass=None)","(AbilityClass=""/Script/Engine.BlueprintGeneratedClass'/Game/GAS/Abilities/GA_ProjectileSkill.GA_ProjectileSkill_C'"",EffectClass=""/Script/Engine.BlueprintGeneratedClass'/Game/GAS/Effects/GE_Damage_Skill.GE_Damage_Skill_C'"",ProjectileClass=None)","(FXData=""/Game/Data/Assets/WeaponFXAssets/DA_WeaponFX_Gun_Smithers.DA_WeaponFX_Gun_Smithers"",BasicAttackTag=(TagName=""""),SkillTag=(TagName=""""),BasicAttackHitTag=(TagName=""""),SkillHitTag=(TagName=""""))",/Game/External_Assets/ScaledWeaponMesh/Gun/Smithers/SKM_Gun_Smithers_Scaled.SKM_Gun_Smithers_Scaled,Socket_Weapon_R,/Game/External_Assets/UI/Icon/Icon_Equip/Icon_Gun_Smithers.Icon_Gun_Smithers
Staff_Anubis,None,None,"(TagName=""Item.Type.Weapon.Range.Staff"")",Magic,"(AbilityClass=""/Script/Engine.BlueprintGeneratedClass'/Game/GAS/Abilities/GA_ProjectileBasicAttack.GA_ProjectileBasicAttack_C'"",EffectClass=""/Script/Engine.BlueprintGeneratedClass'/Game/GAS/Effects/GE_Damage_BasicAttack.GE_Damage_BasicAttack_C'"",ProjectileClass=""/Script/Engine.BlueprintGeneratedClass'/Game/Blueprints/Object/Projectile/BP_Bullet.BP_Bullet_C'"")","(AbilityClass=""/Script/Engine.BlueprintGeneratedClass'/Game/GAS/Abilities/GA_ProjectileSkill.GA_ProjectileSkill_C'"",EffectClass=""/Script/Engine.BlueprintGeneratedClass'/Game/GAS/Effects/GE_Damage_Skill.GE_Damage_Skill_C'"",ProjectileClass=""/Script/Engine.BlueprintGeneratedClass'/Game/Blueprints/Object/Projectile/BP_Bullet.BP_Bullet_C'"")","(FXData=""/Game/Data/Assets/WeaponFXAssets/DA_WeaponFX_Staff_Anubis.DA_WeaponFX_Staff_Anubis"",BasicAttackTag=(TagName=""FX.Weapon.Staff.Anubis.BasicAttack""),SkillTag=(TagName=""FX.Weapon.Staff.Anubis.Skill""),BasicAttackHitTag=(TagName=""FX.Weapon.Staff.Anubis.BasicAttackHit""),SkillHitTag=(TagName=""FX.Weapon.Staff.Anubis.SkillHit""))",/Game/External_Assets/Weapon/Staff/Staff_Anubis/SKM_Staff_Anubis.SKM_Staff_Anubis,Socket_Weapon_R,None
Staff_Binder,None,None,"(TagName=""Item.Type.Weapon.Range.Staff"")",Magic,"(AbilityClass=""/Script/Engine.BlueprintGeneratedClass'/Game/GAS/Abilities/GA_ProjectileBasicAttack.GA_ProjectileBasicAttack_C'"",EffectClass=""/Script/Engine.BlueprintGeneratedClass'/Game/GAS/Effects/GE_Damage_BasicAttack.GE_Damage_BasicAttack_C'"",ProjectileClass=None)","(AbilityClass=""/Script/Engine.BlueprintGeneratedClass'/Game/GAS/Abilities/GA_ProjectileSkill.GA_ProjectileSkill_C'"",EffectClass=""/Script/Engine.BlueprintGeneratedClass'/Game/GAS/Effects/GE_Damage_Skill.GE_Damage_Skill_C'"",ProjectileClass=None)","(FXData=""/Game/Data/Assets/WeaponFXAssets/DA_WeaponFX_Staff_Binder.DA_WeaponFX_Staff_Binder"",BasicAttackTag=(TagName=""FX.Weapon.Staff.Binder.BasicAttack""),SkillTag=(TagName=""FX.Weapon.Staff.Binder.Skill""),BasicAttackHitTag=(TagName=""FX.Weapon.Staff.Binder.BasicAttackHit""),SkillHitTag=(TagName=""FX.Weapon.Staff.Binder.SkillHit""))",/Game/External_Assets/Weapon/Staff/Staff_Binder/SKM_Staff_Binder.SKM_Staff_Binder,Socket_Weapon_R,None
Staff_DeathMatch,None,None,"(TagName=""Item.Type.Weapon.Range.Staff"")",Magic,"(AbilityClass=""/Script/Engine.BlueprintGeneratedClass'/Game/GAS/Abilities/GA_ProjectileBasicAttack.GA_ProjectileBasicAttack_C'"",EffectClass=""/Script/Engine.BlueprintGeneratedClass'/Game/GAS/Effects/GE_Damage_BasicAttack.GE_Damage_BasicAttack_C'"",ProjectileClass=None)","(AbilityClass=""/Script/Engine.BlueprintGeneratedClass'/Game/GAS/Abilities/GA_ProjectileSkill.GA_ProjectileSkill_C'"",EffectClass=""/Script/Engine.BlueprintGeneratedClass'/Game/GAS/Effects/GE_Damage_Skill.GE_Damage_Skill_C'"",ProjectileClass=None)","(FXData=""/Game/Data/Assets/WeaponFXAssets/DA_WeaponFX_Staff_DeathMatch.DA_WeaponFX_Staff_DeathMatch"",BasicAttackTag=(TagName=""FX.Weapon.Staff.DeathMatch.BasicAttack""),SkillTag=(TagName=""FX.Weapon.Staff.DeathMatch.Skill""),BasicAttackHitTag=(TagName=""FX.Weapon.Staff.DeathMatch.BasicAttackHit""),SkillHitTag=(TagName=""FX.Weapon.Staff.DeathMatch.SkillHit""))",/Game/External_Assets/Weapon/Staff/Staff_Deathmatch/SKM_Staff_Deathmatch.SKM_Staff_Deathmatch,Socket_Weapon_R,/Game/External_Assets/UI/Icon/Icon_Equip/Icon_Staff_11031_DeathMatch.Icon_Staff_11031_DeathMatch
Staff_Decanter,None,None,"(TagName=""Item.Type.Weapon.Range.Staff"")",Magic,"(AbilityClass=""/Script/Engine.BlueprintGeneratedClass'/Game/GAS/Abilities/GA_ProjectileBasicAttack.GA_ProjectileBasicAttack_C'"",EffectClass=""/Script/Engine.BlueprintGeneratedClass'/Game/GAS/Effects/GE_Damage_BasicAttack.GE_Damage_BasicAttack_C'"",ProjectileClass=None)","(AbilityClass=""/Script/Engine.BlueprintGeneratedClass'/Game/GAS/Abilities/GA_ProjectileSkill.GA_ProjectileSkill_C'"",EffectClass=""/Script/Engine.BlueprintGeneratedClass'/Game/GAS/Effects/GE_Damage_Skill.GE_Damage_Skill_C'"",ProjectileClass=None)","(FXData=""/Game/Data/Assets/WeaponFXAssets/DA_WeaponFX_Staff_Decanter.DA_WeaponFX_Staff_Decanter"",BasicAttackTag=(TagName=""FX.Weapon.Staff.Decanter.BasicAttack""),SkillTag=(TagName=""FX.Weapon.Staff.Decanter.Skill""),BasicAttackHitTag=(TagName=""FX.Weapon.Staff.Decanter.BasicAttackHit""),SkillHitTag=(TagName=""FX.Weapon.Staff.Decanter.SkillHit""))",/Game/External_Assets/Weapon/Staff/Staff_Decanter/SKM_Staff_Decanter.SKM_Staff_Decanter,Socket_Weapon_R,/Game/External_Assets/UI/Icon/Icon_Equip/Icon_Staff_11051_Decanter.Icon_Staff_11051_Decanter
Staff_DefaultStaff,None,None,"(TagName=""Item.Type.Weapon.Range.Staff"")",Magic,"(AbilityClass=""/Script/Engine.BlueprintGeneratedClass'/Game/GAS/Abilities/GA_ProjectileBasicAttack.GA_ProjectileBasicAttack_C'"",EffectClass=""/Script/Engine.BlueprintGeneratedClass'/Game/GAS/Effects/GE_Damage_BasicAttack.GE_Damage_BasicAttack_C'"",ProjectileClass=None)","(AbilityClass=""/Script/Engine.BlueprintGeneratedClass'/Game/GAS/Abilities/GA_ProjectileSkill.GA_ProjectileSkill_C'"",EffectClass=""/Script/Engine.BlueprintGeneratedClass'/Game/GAS/Effects/GE_Damage_Skill.GE_Damage_Skill_C'"",ProjectileClass=None)","(FXData=""/Game/Data/Assets/WeaponFXAssets/DA_WeaponFX_Staff_DefaultStaff.DA_WeaponFX_Staff_DefaultStaff"",BasicAttackTag=(TagName=""FX.Weapon.Staff.DefaultStaff.BasicAttack""),SkillTag=(TagName=""FX.Weapon.Staff.DefaultStaff.Skill""),BasicAttackHitTag=(TagName=""FX.Weapon.Staff.DefaultStaff.BasicAttackHit""),SkillHitTag=(TagName=""FX.Weapon.Staff.DefaultStaff.SkillHit""))",/Game/External_Assets/Weapon/Staff/Staff_DefaultStaff/SKM_Staff_DefaultStaff.SKM_Staff_DefaultStaff,Socket_Weapon_R,None
Staff_Event_01,None,None,"(TagName=""Item.Type.Weapon.Range.Staff"")",Magic,"(AbilityClass=""/Script/Engine.BlueprintGeneratedClass'/Game/GAS/Abilities/GA_ProjectileBasicAttack.GA_ProjectileBasicAttack_C'"",EffectClass=""/Script/Engine.BlueprintGeneratedClass'/Game/GAS/Effects/GE_Damage_BasicAttack.GE_Damage_BasicAttack_C'"",ProjectileClass=None)","(AbilityClass=""/Script/Engine.BlueprintGeneratedClass'/Game/GAS/Abilities/GA_ProjectileSkill.GA_ProjectileSkill_C'"",EffectClass=""/Script/Engine.BlueprintGeneratedClass'/Game/GAS/Effects/GE_Damage_Skill.GE_Damage_Skill_C'"",ProjectileClass=None)","(FXData=""/Game/Data/Assets/WeaponFXAssets/DA_WeaponFX_Staff_Event_01.DA_WeaponFX_Staff_Event_01"",BasicAttackTag=(TagName=""FX.Weapon.Staff.Event_01.BasicAttack""),SkillTag=(TagName=""FX.Weapon.Staff.Event_01.Skill""),BasicAttackHitTag=(TagName=""FX.Weapon.Staff.Event_01.BasicAttackHit""),SkillHitTag=(TagName=""FX.Weapon.Staff.Event_01.SkillHit""))",/Game/External_Assets/Weapon/Staff/Staff_Event_01/SKM_Staff_Event_01.SKM_Staff_Event_01,Socket_Weapon_R,/Game/External_Assets/UI/Icon/Icon_Equip/Icon_Staff_Event_01.Icon_Staff_Event_01
Staff_GazeOfDragon,None,None,"(TagName=""Item.Type.Weapon.Range.Staff"")",Magic,"(AbilityClass=""/Script/Engine.BlueprintGeneratedClass'/Game/GAS/Abilities/GA_ProjectileBasicAttack.GA_ProjectileBasicAttack_C'"",EffectClass=""/Script/Engine.BlueprintGeneratedClass'/Game/GAS/Effects/GE_Damage_BasicAttack.GE_Damage_BasicAttack_C'"",ProjectileClass=None)","(AbilityClass=""/Script/Engine.BlueprintGeneratedClass'/Game/GAS/Abilities/GA_ProjectileSkill.GA_ProjectileSkill_C'"",EffectClass=""/Script/Engine.BlueprintGeneratedClass'/Game/GAS/Effects/GE_Damage_Skill.GE_Damage_Skill_C'"",ProjectileClass=None)","(FXData=""/Game/Data/Assets/WeaponFXAssets/DA_WeaponFX_Staff_GazeOfDragon.DA_WeaponFX_Staff_GazeOfDragon"",BasicAttackTag=(TagName=""FX.Weapon.Staff.GazeOfDragon.BasicAttack""),SkillTag=(TagName=""FX.Weapon.Staff.GazeOfDragon.Skill""),BasicAttackHitTag=(TagName=""FX.Weapon.Staff.GazeOfDragon.BasicAttackHit""),SkillHitTag=(TagName=""FX.Weapon.Staff.GazeOfDragon.SkillHit""))",/Game/External_Assets/Weapon/Staff/Staff_GazeOfDragon/SKM_Staff_GazeOfDragon.SKM_Staff_GazeOfDragon,Socket_Weapon_R,/Game/External_Assets/UI/Icon/Icon_Equip/Icon_Staff_Rogue.Icon_Staff_Rogue
Staff_Initiator,None,None,"(TagName=""Item.Type.Weapon.Range.Staff"")",Magic,"(AbilityClass=""/Script/Engine.BlueprintGeneratedClass'/Game/GAS/Abilities/GA_ProjectileBasicAttack.GA_ProjectileBasicAttack_C'"",EffectClass=""/Script/Engine.BlueprintGeneratedClass'/Game/GAS/Effects/GE_Damage_BasicAttack.GE_Damage_BasicAttack_C'"",ProjectileClass=None)","(AbilityClass=""/Script/Engine.BlueprintGeneratedClass'/Game/GAS/Abilities/GA_ProjectileSkill.GA_ProjectileSkill_C'"",EffectClass=""/Script/Engine.BlueprintGeneratedClass'/Game/GAS/Effects/GE_Damage_Skill.GE_Damage_Skill_C'"",ProjectileClass=None)","(FXData=""/Game/Data/Assets/WeaponFXAssets/DA_WeaponFX_Staff_Initiator.DA_WeaponFX_Staff_Initiator"",BasicAttackTag=(TagName=""FX.Weapon.Staff.Initiator.BasicAttack""),SkillTag=(TagName=""FX.Weapon.Staff.Initiator.Skill""),BasicAttackHitTag=(TagName=""FX.Weapon.Staff.Initiator.BasicAttackHit""),SkillHitTag=(TagName=""FX.Weapon.Staff.Initiator.SkillHit""))",/Game/External_Assets/Weapon/Staff/Staff_Initiator/SKM_Staff_Initiator.SKM_Staff_Initiator,Socket_Weapon_R,None
Staff_OneStroke,None,None,"(TagName=""Item.Type.Weapon.Range.Staff"")",Magic,"(AbilityClass=""/Script/Engine.BlueprintGeneratedClass'/Game/GAS/Abilities/GA_ProjectileBasicAttack.GA_ProjectileBasicAttack_C'"",EffectClass=""/Script/Engine.BlueprintGeneratedClass'/Game/GAS/Effects/GE_Damage_BasicAttack.GE_Damage_BasicAttack_C'"",ProjectileClass=None)","(AbilityClass=""/Script/Engine.BlueprintGeneratedClass'/Game/GAS/Abilities/GA_ProjectileSkill.GA_ProjectileSkill_C'"",EffectClass=""/Script/Engine.BlueprintGeneratedClass'/Game/GAS/Effects/GE_Damage_Skill.GE_Damage_Skill_C'"",ProjectileClass=None)","(FXData=""/Game/Data/Assets/WeaponFXAssets/DA_WeaponFX_Staff_OneStroke.DA_WeaponFX_Staff_OneStroke"",BasicAttackTag=(TagName=""FX.Weapon.Staff.OneStroke.BasicAttack""),SkillTag=(TagName=""FX.Weapon.Staff.OneStroke.Skill""),BasicAttackHitTag=(TagName=""FX.Weapon.Staff.OneStroke.BasicAttackHit""),SkillHitTag=(TagName=""FX.Weapon.Staff.OneStroke.SkillHit""))",/Game/External_Assets/Weapon/Staff/Staff_OneStroke/SKM_Staff_OneStroke.SKM_Staff_OneStroke,Socket_Weapon_R,/Game/External_Assets/UI/Icon/Icon_Equip/Icon_Staff_11041_OneStroke.Icon_Staff_11041_OneStroke
Staff_OverTheHorizon,None,None,"(TagName=""Item.Type.Weapon.Range.Staff"")",Magic,"(AbilityClass=""/Script/Engine.BlueprintGeneratedClass'/Game/GAS/Abilities/GA_ProjectileBasicAttack.GA_ProjectileBasicAttack_C'"",EffectClass=""/Script/Engine.BlueprintGeneratedClass'/Game/GAS/Effects/GE_Damage_BasicAttack.GE_Damage_BasicAttack_C'"",ProjectileClass=None)","(AbilityClass=""/Script/Engine.BlueprintGeneratedClass'/Game/GAS/Abilities/GA_ProjectileSkill.GA_ProjectileSkill_C'"",EffectClass=""/Script/Engine.BlueprintGeneratedClass'/Game/GAS/Effects/GE_Damage_Skill.GE_Damage_Skill_C'"",ProjectileClass=None)","(FXData=""/Game/Data/Assets/WeaponFXAssets/DA_WeaponFX_Staff_OverTheHorizon.DA_WeaponFX_Staff_OverTheHorizon"",BasicAttackTag=(TagName=""FX.Weapon.Staff.OverTheHorizon.BasicAttack""),SkillTag=(TagName=""FX.Weapon.Staff.OverTheHorizon.Skill""),BasicAttackHitTag=(TagName=""FX.Weapon.Staff.OverTheHorizon.BasicAttackHit""),SkillHitTag=(TagName=""FX.Weapon.Staff.OverTheHorizon.SkillHit""))",/Game/External_Assets/Weapon/Staff/Staff_OverTheHorizon/SKM_Staff_OverTheHorizon.SKM_Staff_OverTheHorizon,Socket_Weapon_R,None
Staff_StandUp,None,None,"(TagName=""Item.Type.Weapon.Range.Staff"")",Magic,"(AbilityClass=""/Script/Engine.BlueprintGeneratedClass'/Game/GAS/Abilities/GA_ProjectileBasicAttack.GA_ProjectileBasicAttack_C'"",EffectClass=""/Script/Engine.BlueprintGeneratedClass'/Game/GAS/Effects/GE_Damage_BasicAttack.GE_Damage_BasicAttack_C'"",ProjectileClass=None)","(AbilityClass=""/Script/Engine.BlueprintGeneratedClass'/Game/GAS/Abilities/GA_ProjectileSkill.GA_ProjectileSkill_C'"",EffectClass=""/Script/Engine.BlueprintGeneratedClass'/Game/GAS/Effects/GE_Damage_Skill.GE_Damage_Skill_C'"",ProjectileClass=None)","(FXData=""/Game/Data/Assets/WeaponFXAssets/DA_WeaponFX_Staff_StandUp.DA_WeaponFX_Staff_StandUp"",BasicAttackTag=(TagName=""FX.Weapon.Staff.StandUp.BasicAttack""),SkillTag=(TagName=""FX.Weapon.Staff.StandUp.Skill""),BasicAttackHitTag=(TagName=""FX.Weapon.Staff.StandUp.BasicAttackHit""),SkillHitTag=(TagName=""FX.Weapon.Staff.StandUp.SkillHit""))",/Game/External_Assets/Weapon/Staff/Staff_StandUp/SKM_Staff_StandUp.SKM_Staff_StandUp,Socket_Weapon_R,/Game/External_Assets/UI/Icon/Icon_Equip/Icon_Staff_Bard.Icon_Staff_Bard
Staff_WinterCane,None,None,"(TagName=""Item.Type.Weapon.Range.Staff"")",Magic,"(AbilityClass=""/Script/Engine.BlueprintGeneratedClass'/Game/GAS/Abilities/GA_ProjectileBasicAttack.GA_ProjectileBasicAttack_C'"",EffectClass=""/Script/Engine.BlueprintGeneratedClass'/Game/GAS/Effects/GE_Damage_BasicAttack.GE_Damage_BasicAttack_C'"",ProjectileClass=None)","(AbilityClass=""/Script/Engine.BlueprintGeneratedClass'/Game/GAS/Abilities/GA_ProjectileSkill.GA_ProjectileSkill_C'"",EffectClass=""/Script/Engine.BlueprintGeneratedClass'/Game/GAS/Effects/GE_Damage_Skill.GE_Damage_Skill_C'"",ProjectileClass=None)","(FXData=""/Game/Data/Assets/WeaponFXAssets/DA_WeaponFX_Staff_WinterCane.DA_WeaponFX_Staff_WinterCane"",BasicAttackTag=(TagName=""FX.Weapon.Staff.WinterCane.BasicAttack""),SkillTag=(TagName=""FX.Weapon.Staff.WinterCane.Skill""),BasicAttackHitTag=(TagName=""FX.Weapon.Staff.WinterCane.BasicAttackHit""),SkillHitTag=(TagName=""FX.Weapon.Staff.WinterCane.SkillHit""))",/Game/External_Assets/Weapon/Staff/Staff_Wintercane/SKM_Staff_Wintercane.SKM_Staff_Wintercane,Socket_Weapon_R,/Game/External_Assets/UI/Icon/Icon_Equip/Icon_Staff_11061_WinterCane.Icon_Staff_11061_WinterCane
Sword_Army,None,None,"(TagName=""Item.Type.Weapon.Melee.Sword"")",Melee,"(AbilityClass=""/Script/Engine.BlueprintGeneratedClass'/Game/GAS/Abilities/GA_AreaBasicAttack.GA_AreaBasicAttack_C'"",EffectClass=""/Script/Engine.BlueprintGeneratedClass'/Game/GAS/Effects/GE_Damage_BasicAttack.GE_Damage_BasicAttack_C'"",ProjectileClass=None)","(AbilityClass=""/Script/Engine.BlueprintGeneratedClass'/Game/GAS/Abilities/GA_AreaSkill.GA_AreaSkill_C'"",EffectClass=""/Script/Engine.BlueprintGeneratedClass'/Game/GAS/Effects/GE_Damage_Skill.GE_Damage_Skill_C'"",ProjectileClass=None)","(FXData=""/Game/Data/Assets/WeaponFXAssets/DA_WeaponFX_Sword_Army.DA_WeaponFX_Sword_Army"",BasicAttackTag=(TagName=""FX.Weapon.Sword.Army.BasicAttack""),SkillTag=(TagName=""FX.Weapon.Sword.Army.Skill""),BasicAttackHitTag=(TagName=""FX.Weapon.Sword.Army.BasicAttackHit""),SkillHitTag=(TagName=""FX.Weapon.Sword.Army.SkillHit""))",/Game/External_Assets/Weapon/Sword/Sword_Kumomatsuru/SKM_Sword_Justice.SKM_Sword_Justice,Socket_Weapon_R,/Game/External_Assets/UI/Icon/Icon_Equip/Icon_Sword_Army.Icon_Sword_Army
Sword_BeamSword,None,None,"(TagName=""Item.Type.Weapon.Melee.Sword"")",Melee,"(AbilityClass=""/Script/Engine.BlueprintGeneratedClass'/Game/GAS/Abilities/GA_AreaBasicAttack.GA_AreaBasicAttack_C'"",EffectClass=""/Script/Engine.BlueprintGeneratedClass'/Game/GAS/Effects/GE_Damage_BasicAttack.GE_Damage_BasicAttack_C'"",ProjectileClass=None)","(AbilityClass=""/Script/Engine.BlueprintGeneratedClass'/Game/GAS/Abilities/GA_AreaSkill.GA_AreaSkill_C'"",EffectClass=""/Script/Engine.BlueprintGeneratedClass'/Game/GAS/Effects/GE_Damage_Skill.GE_Damage_Skill_C'"",ProjectileClass=None)","(FXData=""/Game/Data/Assets/WeaponFXAssets/DA_WeaponFX_Sword_BeamSword.DA_WeaponFX_Sword_BeamSword"",BasicAttackTag=(TagName=""FX.Weapon.Sword.BeamSword.BasicAttack""),SkillTag=(TagName=""FX.Weapon.Sword.BeamSword.Skill""),BasicAttackHitTag=(TagName=""FX.Weapon.Sword.BeamSword.BasicAttackHit""),SkillHitTag=(TagName=""FX.Weapon.Sword.BeamSword.SkillHit""))",/Game/External_Assets/Weapon/Sword/Sword_Kumomatsuru/SKM_Sword_BeamSword.SKM_Sword_BeamSword,Socket_Weapon_R,/Game/External_Assets/UI/Icon/Icon_Equip/Icon_Sword_BeamSword.Icon_Sword_BeamSword
Sword_ButterSlayer,None,None,"(TagName=""Item.Type.Weapon.Melee.Sword"")",Melee,"(AbilityClass=""/Script/Engine.BlueprintGeneratedClass'/Game/GAS/Abilities/GA_AreaBasicAttack.GA_AreaBasicAttack_C'"",EffectClass=""/Script/Engine.BlueprintGeneratedClass'/Game/GAS/Effects/GE_Damage_BasicAttack.GE_Damage_BasicAttack_C'"",ProjectileClass=None)","(AbilityClass=""/Script/Engine.BlueprintGeneratedClass'/Game/GAS/Abilities/GA_AreaSkill.GA_AreaSkill_C'"",EffectClass=""/Script/Engine.BlueprintGeneratedClass'/Game/GAS/Effects/GE_Damage_Skill.GE_Damage_Skill_C'"",ProjectileClass=None)","(FXData=""/Game/Data/Assets/WeaponFXAssets/DA_WeaponFX_Sword_ButterSlayer.DA_WeaponFX_Sword_ButterSlayer"",BasicAttackTag=(TagName=""FX.Weapon.Sword.ButterSlayer.BasicAttack""),SkillTag=(TagName=""FX.Weapon.Sword.ButterSlayer.Skill""),BasicAttackHitTag=(TagName=""FX.Weapon.Sword.ButterSlayer.BasicAttackHit""),SkillHitTag=(TagName=""FX.Weapon.Sword.ButterSlayer.SkillHit""))",/Game/External_Assets/Weapon/Sword/Sword_Kumomatsuru/SKM_Sword_Butterslayer.SKM_Sword_Butterslayer,Socket_Weapon_R,/Game/External_Assets/UI/Icon/Icon_Equip/Icon_Sword_ButterSlayer.Icon_Sword_ButterSlayer
Sword_ChainSword,None,None,"(TagName=""Item.Type.Weapon.Melee.Sword"")",Melee,"(AbilityClass=""/Script/Engine.BlueprintGeneratedClass'/Game/GAS/Abilities/GA_AreaBasicAttack.GA_AreaBasicAttack_C'"",EffectClass=""/Script/Engine.BlueprintGeneratedClass'/Game/GAS/Effects/GE_Damage_BasicAttack.GE_Damage_BasicAttack_C'"",ProjectileClass=None)","(AbilityClass=""/Script/Engine.BlueprintGeneratedClass'/Game/GAS/Abilities/GA_AreaSkill.GA_AreaSkill_C'"",EffectClass=""/Script/Engine.BlueprintGeneratedClass'/Game/GAS/Effects/GE_Damage_Skill.GE_Damage_Skill_C'"",ProjectileClass=None)","(FXData=""/Game/Data/Assets/WeaponFXAssets/DA_WeaponFX_Sword_ChainSword.DA_WeaponFX_Sword_ChainSword"",BasicAttackTag=(TagName=""FX.Weapon.Sword.ChainSword.BasicAttack""),SkillTag=(TagName=""FX.Weapon.Sword.ChainSword.Skill""),BasicAttackHitTag=(TagName=""FX.Weapon.Sword.ChainSword.BasicAttackHit""),SkillHitTag=(TagName=""FX.Weapon.Sword.ChainSword.SkillHit""))",/Game/External_Assets/Weapon/Sword/Sword_Kumomatsuru/SKM_Sword_ChainSword.SKM_Sword_ChainSword,Socket_Weapon_R,/Game/External_Assets/UI/Icon/Icon_Equip/Icon_Sword_ChainSword.Icon_Sword_ChainSword
Sword_Event_01,None,None,"(TagName=""Item.Type.Weapon.Melee.Sword"")",Melee,"(AbilityClass=""/Script/Engine.BlueprintGeneratedClass'/Game/GAS/Abilities/GA_AreaBasicAttack.GA_AreaBasicAttack_C'"",EffectClass=""/Script/Engine.BlueprintGeneratedClass'/Game/GAS/Effects/GE_Damage_BasicAttack.GE_Damage_BasicAttack_C'"",ProjectileClass=None)","(AbilityClass=""/Script/Engine.BlueprintGeneratedClass'/Game/GAS/Abilities/GA_AreaSkill.GA_AreaSkill_C'"",EffectClass=""/Script/Engine.BlueprintGeneratedClass'/Game/GAS/Effects/GE_Damage_Skill.GE_Damage_Skill_C'"",ProjectileClass=None)","(FXData=""/Game/Data/Assets/WeaponFXAssets/DA_WeaponFX_Sword_Event_01.DA_WeaponFX_Sword_Event_01"",BasicAttackTag=(TagName=""FX.Weapon.Sword.Event_01.BasicAttack""),SkillTag=(TagName=""FX.Weapon.Sword.Event_01.Skill""),BasicAttackHitTag=(TagName=""FX.Weapon.Sword.Event_01.BasicAttackHit""),SkillHitTag=(TagName=""FX.Weapon.Sword.Event_01.SkillHit""))",/Game/External_Assets/Weapon/Sword/Sword_Kumomatsuru/SKM_Sword_Event_01.SKM_Sword_Event_01,Socket_Weapon_R,/Game/External_Assets/UI/Icon/Icon_Equip/Icon_Sword_Event_01.Icon_Sword_Event_01
Sword_HornetBlade,None,None,"(TagName=""Item.Type.Weapon.Melee.Sword"")",Melee,"(AbilityClass=""/Script/Engine.BlueprintGeneratedClass'/Game/GAS/Abilities/GA_AreaBasicAttack.GA_AreaBasicAttack_C'"",EffectClass=""/Script/Engine.BlueprintGeneratedClass'/Game/GAS/Effects/GE_Damage_BasicAttack.GE_Damage_BasicAttack_C'"",ProjectileClass=None)","(AbilityClass=""/Script/Engine.BlueprintGeneratedClass'/Game/GAS/Abilities/GA_AreaSkill.GA_AreaSkill_C'"",EffectClass=""/Script/Engine.BlueprintGeneratedClass'/Game/GAS/Effects/GE_Damage_Skill.GE_Damage_Skill_C'"",ProjectileClass=None)","(FXData=""/Game/Data/Assets/WeaponFXAssets/DA_WeaponFX_Sword_HornetBlade.DA_WeaponFX_Sword_HornetBlade"",BasicAttackTag=(TagName=""""),SkillTag=(TagName=""""),BasicAttackHitTag=(TagName=""""),SkillHitTag=(TagName=""""))",/Game/External_Assets/Weapon/Sword/Sword_Kumomatsuru/SKM_Sword_MilkyWay.SKM_Sword_MilkyWay,Socket_Weapon_R,/Game/External_Assets/UI/Icon/Icon_Equip/Icon_Sword_HonetBlade.Icon_Sword_HonetBlade
Sword_Maid,None,None,"(TagName=""Item.Type.Weapon.Melee.Sword"")",Melee,"(AbilityClass=""/Script/Engine.BlueprintGeneratedClass'/Game/GAS/Abilities/GA_AreaBasicAttack.GA_AreaBasicAttack_C'"",EffectClass=""/Script/Engine.BlueprintGeneratedClass'/Game/GAS/Effects/GE_Damage_BasicAttack.GE_Damage_BasicAttack_C'"",ProjectileClass=None)","(AbilityClass=""/Script/Engine.BlueprintGeneratedClass'/Game/GAS/Abilities/GA_AreaSkill.GA_AreaSkill_C'"",EffectClass=""/Script/Engine.BlueprintGeneratedClass'/Game/GAS/Effects/GE_Damage_Skill.GE_Damage_Skill_C'"",ProjectileClass=None)","(FXData=""/Game/Data/Assets/WeaponFXAssets/DA_WeaponFX_Sword_Maid.DA_WeaponFX_Sword_Maid"",BasicAttackTag=(TagName=""FX.Weapon.Sword.Maid.BasicAttack""),SkillTag=(TagName=""FX.Weapon.Sword.Maid.Skill""),BasicAttackHitTag=(TagName=""FX.Weapon.Sword.Maid.BasicAttackHit""),SkillHitTag=(TagName=""FX.Weapon.Sword.Maid.SkillHit""))",/Game/External_Assets/Weapon/Sword/Sword_Kumomatsuru/SKM_Sword_Ironmaid.SKM_Sword_Ironmaid,Socket_Weapon_R,/Game/External_Assets/UI/Icon/Icon_Equip/Icon_Sword_Maid.Icon_Sword_Maid
Sword_MilkyWay,None,None,"(TagName=""Item.Type.Weapon.Melee.Sword"")",Melee,"(AbilityClass=""/Script/Engine.BlueprintGeneratedClass'/Game/GAS/Abilities/GA_AreaBasicAttack.GA_AreaBasicAttack_C'"",EffectClass=""/Script/Engine.BlueprintGeneratedClass'/Game/GAS/Effects/GE_Damage_BasicAttack.GE_Damage_BasicAttack_C'"",ProjectileClass=None)","(AbilityClass=""/Script/Engine.BlueprintGeneratedClass'/Game/GAS/Abilities/GA_AreaSkill.GA_AreaSkill_C'"",EffectClass=""/Script/Engine.BlueprintGeneratedClass'/Game/GAS/Effects/GE_Damage_Skill.GE_Damage_Skill_C'"",ProjectileClass=None)","(FXData=""/Game/Data/Assets/WeaponFXAssets/DA_WeaponFX_Sword_MilkyWay.DA_WeaponFX_Sword_MilkyWay"",BasicAttackTag=(TagName=""FX.Weapon.Sword.MilkyWay.BasicAttack""),SkillTag=(TagName=""FX.Weapon.Sword.MilkyWay.Skill""),BasicAttackHitTag=(TagName=""FX.Weapon.Sword.MilkyWay.BasicAttackHit""),SkillHitTag=(TagName=""FX.Weapon.Sword.MilkyWay.SkillHit""))",/Game/External_Assets/ScaledWeaponMesh/Sword/Carver/SKM_Sword_Carver_Scaled.SKM_Sword_Carver_Scaled,Socket_Weapon_R,/Game/External_Assets/UI/Icon/Icon_Equip/Icon_Sword_MilkWay.Icon_Sword_MilkWay
